-- --------------------------------------------------------
-- 호스트:                          codin-mini2.c5uukk3wcvx9.ap-northeast-2.rds.amazonaws.com
-- 서버 버전:                        5.7.23-log - Source distribution
-- 서버 OS:                        Linux
-- HeidiSQL 버전:                  9.5.0.5196
-- --------------------------------------------------------

/*!40101 SET @OLD_CHARACTER_SET_CLIENT=@@CHARACTER_SET_CLIENT */;
/*!40101 SET NAMES utf8 */;
/*!50503 SET NAMES utf8mb4 */;
/*!40014 SET @OLD_FOREIGN_KEY_CHECKS=@@FOREIGN_KEY_CHECKS, FOREIGN_KEY_CHECKS=0 */;
/*!40101 SET @OLD_SQL_MODE=@@SQL_MODE, SQL_MODE='NO_AUTO_VALUE_ON_ZERO' */;


-- myvet 데이터베이스 구조 내보내기
CREATE DATABASE IF NOT EXISTS `myvet` /*!40100 DEFAULT CHARACTER SET utf8mb4 COLLATE utf8mb4_unicode_ci */;
USE `myvet`;

-- 테이블 myvet.board_list 구조 내보내기
CREATE TABLE IF NOT EXISTS `board_list` (
  `board_code` int(11) NOT NULL,
  `item_name` varchar(100) COLLATE utf8mb4_unicode_ci DEFAULT NULL,
  PRIMARY KEY (`board_code`)
) ENGINE=InnoDB DEFAULT CHARSET=utf8mb4 COLLATE=utf8mb4_unicode_ci;

-- 테이블 데이터 myvet.board_list:~7 rows (대략적) 내보내기
/*!40000 ALTER TABLE `board_list` DISABLE KEYS */;
INSERT INTO `board_list` (`board_code`, `item_name`) VALUES
	(10, 'Gallery 게시판'),
	(11, 'Tip 게시판'),
	(20, 'Q&A 게시판 리스트'),
	(30, '병원 페이지 이미지'),
	(31, '병원 진료 차트'),
	(32, '병원 게시판'),
	(40, '회원관리');
/*!40000 ALTER TABLE `board_list` ENABLE KEYS */;

-- 테이블 myvet.chat 구조 내보내기
CREATE TABLE IF NOT EXISTS `chat` (
  `chat_id` int(11) NOT NULL AUTO_INCREMENT,
  PRIMARY KEY (`chat_id`)
) ENGINE=InnoDB AUTO_INCREMENT=152 DEFAULT CHARSET=utf8mb4 COLLATE=utf8mb4_unicode_ci;

-- 테이블 데이터 myvet.chat:~17 rows (대략적) 내보내기
/*!40000 ALTER TABLE `chat` DISABLE KEYS */;
INSERT INTO `chat` (`chat_id`) VALUES
	(135),
	(136),
	(137),
	(138),
	(139),
	(140),
	(141),
	(142),
	(143),
	(144),
	(145),
	(146),
	(147),
	(148),
	(149),
	(150),
	(151);
/*!40000 ALTER TABLE `chat` ENABLE KEYS */;

-- 테이블 myvet.fav_hos 구조 내보내기
CREATE TABLE IF NOT EXISTS `fav_hos` (
  `fav_hos_no` int(11) NOT NULL AUTO_INCREMENT,
  `member_no` int(11) NOT NULL,
  `hos_code` int(11) NOT NULL,
  PRIMARY KEY (`fav_hos_no`)
) ENGINE=InnoDB AUTO_INCREMENT=32 DEFAULT CHARSET=utf8mb4 COLLATE=utf8mb4_unicode_ci;

-- 테이블 데이터 myvet.fav_hos:~11 rows (대략적) 내보내기
/*!40000 ALTER TABLE `fav_hos` DISABLE KEYS */;
INSERT INTO `fav_hos` (`fav_hos_no`, `member_no`, `hos_code`) VALUES
	(18, 67, 897),
	(19, 66, 897),
	(20, 65, 897),
	(21, 65, 898),
	(22, 78, 897),
	(23, 80, 897),
	(26, 82, 898),
	(27, 68, 898),
	(28, 72, 897),
	(30, 85, 900),
	(31, 68, 900);
/*!40000 ALTER TABLE `fav_hos` ENABLE KEYS */;

-- 테이블 myvet.file_info 구조 내보내기
CREATE TABLE IF NOT EXISTS `file_info` (
  `file_id` int(11) NOT NULL AUTO_INCREMENT,
  `board_code` int(11) NOT NULL,
  `board_no` int(11) NOT NULL,
  `ori_name` varchar(500) COLLATE utf8mb4_unicode_ci NOT NULL,
  `sys_name` varchar(500) COLLATE utf8mb4_unicode_ci NOT NULL,
  `file_path` varchar(3000) COLLATE utf8mb4_unicode_ci NOT NULL,
  `file_size` bigint(20) NOT NULL,
  PRIMARY KEY (`file_id`)
) ENGINE=InnoDB AUTO_INCREMENT=628 DEFAULT CHARSET=utf8mb4 COLLATE=utf8mb4_unicode_ci;

-- 테이블 데이터 myvet.file_info:~153 rows (대략적) 내보내기
/*!40000 ALTER TABLE `file_info` DISABLE KEYS */;
INSERT INTO `file_info` (`file_id`, `board_code`, `board_no`, `ori_name`, `sys_name`, `file_path`, `file_size`) VALUES
	(474, 30, 897, 'yeenhospital.jpg', 'yeenhospital.jpg', '/hospital/basic/20181221', 54324),
	(475, 11, 0, '59106957_1_1477309331_w640.jpg', 'ce3a48127fbd4cd7a2aceb1108207c8c.jpg', '/tip/20181221', 55143),
	(476, 11, 0, '59106957_1_1477309331_w640.jpg', 'd74347ec2b754466909639860a2b48bb.jpg', '/tip/20181221', 55143),
	(477, 11, 0, '400.jpg', 'bf113a1c10f04c8192d008a816b4786a.jpg', '/tip/20181221', 18983),
	(478, 11, 0, '_82377877_dogthinkstock.jpg', '3c8c0b16aa0840efab9287e403c9cb9b.jpg', '/tip/20181221', 82451),
	(479, 11, 0, '_82377877_dogthinkstock.jpg', 'a9fc6c7031a94a6096ef2a8c6dc75bfa.jpg', '/tip/20181221', 82451),
	(480, 11, 0, '911428568.jpg.0.jpg', 'f8b1d6f4ed79436a9877e2348f1fade6.jpg', '/tip/20181221', 102302),
	(481, 10, 106, '171115-better-stock-holiday-cat-dog-ew-133p_1b85405177d984db896113e33b044094.fit-760w.jpg', '10620181221171115-better-stock-holiday-cat-dog-ew-133p_1b85405177d984db896113e33b044094.fit-760w.jpg', '/gallery/20181221', 114601),
	(482, 10, 106, 'AP080307021578.2e16d0ba.fill-735x490.jpg', '10620181221AP080307021578.2e16d0ba.fill-735x490.jpg', '/gallery/20181221', 113804),
	(483, 10, 106, '331231231.jpg', '10620181221331231231.jpg', '/gallery/20181221', 41687),
	(484, 10, 106, '249dc719d652b50e07df480d3e468793-christmas-cards-christmas-dog.jpg', '10620181221249dc719d652b50e07df480d3e468793-christmas-cards-christmas-dog.jpg', '/gallery/20181221', 73574),
	(485, 10, 106, '1.jpg', '106201812211.jpg', '/gallery/20181221', 41595),
	(486, 10, 106, '180605172505_1_540x360.jpg', '10620181221180605172505_1_540x360.jpg', '/gallery/20181221', 34671),
	(487, 10, 107, '171115-better-stock-holiday-cat-dog-ew-133p_1b85405177d984db896113e33b044094.fit-760w.jpg', '10720181221171115-better-stock-holiday-cat-dog-ew-133p_1b85405177d984db896113e33b044094.fit-760w.jpg', '/gallery/20181221', 114601),
	(488, 10, 107, '_82377877_dogthinkstock.jpg', '10720181221_82377877_dogthinkstock.jpg', '/gallery/20181221', 82451),
	(489, 10, 107, '20171017_140350.jpg', '1072018122120171017_140350.jpg', '/gallery/20181221', 2739972),
	(490, 10, 107, '1.jpg', '107201812211.jpg', '/gallery/20181221', 41595),
	(491, 10, 107, '249dc719d652b50e07df480d3e468793-christmas-cards-christmas-dog.jpg', '10720181221249dc719d652b50e07df480d3e468793-christmas-cards-christmas-dog.jpg', '/gallery/20181221', 73574),
	(492, 10, 107, '_82377877_dogthinkstock.jpg', '20181221107_82377877_dogthinkstock.jpg', '/gallery/20181221', 82451),
	(493, 10, 108, '1.jpg', '108201812211.jpg', '/gallery/20181221', 41595),
	(494, 10, 108, '_82377877_dogthinkstock.jpg', '10820181221_82377877_dogthinkstock.jpg', '/gallery/20181221', 82451),
	(495, 10, 108, '20171017_140350.jpg', '1082018122120171017_140350.jpg', '/gallery/20181221', 2739972),
	(496, 10, 108, 'amistad-canina-011.jpg', '10820181221amistad-canina-011.jpg', '/gallery/20181221', 54428),
	(497, 10, 108, 'boss-11.jpg', '10820181221boss-11.jpg', '/gallery/20181221', 633273),
	(498, 10, 108, 'AP080307021578.2e16d0ba.fill-735x490.jpg', '10820181221AP080307021578.2e16d0ba.fill-735x490.jpg', '/gallery/20181221', 113804),
	(499, 10, 109, 'amistad-canina-011.jpg', '10920181221amistad-canina-011.jpg', '/gallery/20181221', 54428),
	(500, 10, 109, '180605172505_1_540x360.jpg', '10920181221180605172505_1_540x360.jpg', '/gallery/20181221', 34671),
	(501, 10, 109, 'henry-baloo-cat-dog-colorado-instagram-CATDOGTRAVEL1217.jpg', '10920181221henry-baloo-cat-dog-colorado-instagram-CATDOGTRAVEL1217.jpg', '/gallery/20181221', 146320),
	(502, 10, 109, 'hqdefault.jpg', '10920181221hqdefault.jpg', '/gallery/20181221', 29608),
	(503, 10, 109, 'shutterstock_646123120.jpg.653x0_q80_crop-smart.jpg', '10920181221shutterstock_646123120.jpg.653x0_q80_crop-smart.jpg', '/gallery/20181221', 32055),
	(504, 10, 109, '1.jpg', '109201812211.jpg', '/gallery/20181221', 41595),
	(505, 10, 110, 'cat-dog-furniture-bedding-toys-dote-recycled-materials-london-design-festival-2017_dezeen_sq.jpg', '11020181221cat-dog-furniture-bedding-toys-dote-recycled-materials-london-design-festival-2017_dezeen_sq.jpg', '/gallery/20181221', 5132979),
	(506, 10, 110, 'https___blueprint-api-production.s3.amazonaws.com_uploads_card_image_784547_0c47ef8e-b577-4e31-97ab-f604315e050c.jpg', '11020181221https___blueprint-api-production.s3.amazonaws.com_uploads_card_image_784547_0c47ef8e-b577-4e31-97ab-f604315e050c.jpg', '/gallery/20181221', 243412),
	(507, 10, 110, 'wall-shelf-for-cat-ikea-home-design-idea-pi-more-diy-uk-to-climb.jpg', '11020181221wall-shelf-for-cat-ikea-home-design-idea-pi-more-diy-uk-to-climb.jpg', '/gallery/20181221', 337532),
	(508, 10, 110, 'siamesewalking.png', '11020181221siamesewalking.png', '/gallery/20181221', 1617308),
	(509, 10, 110, 'images (1).jpg', '11020181221images (1).jpg', '/gallery/20181221', 8389),
	(510, 10, 110, 'cat-care_urine-marking_main-image.jpg', '11020181221cat-care_urine-marking_main-image.jpg', '/gallery/20181221', 480636),
	(511, 10, 111, '171115-better-stock-holiday-cat-dog-ew-133p_1b85405177d984db896113e33b044094.fit-760w.jpg', '11120181221171115-better-stock-holiday-cat-dog-ew-133p_1b85405177d984db896113e33b044094.fit-760w.jpg', '/gallery/20181221', 114601),
	(512, 10, 111, '1.jpg', '111201812211.jpg', '/gallery/20181221', 41595),
	(513, 10, 111, 'AdobeStock_126784554-770x405.jpg', '11120181221AdobeStock_126784554-770x405.jpg', '/gallery/20181221', 39911),
	(514, 10, 111, '249dc719d652b50e07df480d3e468793-christmas-cards-christmas-dog.jpg', '11120181221249dc719d652b50e07df480d3e468793-christmas-cards-christmas-dog.jpg', '/gallery/20181221', 73574),
	(515, 10, 111, 'Christmas-Kittens-Together-Xmas-Kitty-Cats-Basket_art.jpg', '11120181221Christmas-Kittens-Together-Xmas-Kitty-Cats-Basket_art.jpg', '/gallery/20181221', 51058),
	(516, 10, 111, 'il_570xN.1620055405_hbxx.jpg', '11120181221il_570xN.1620055405_hbxx.jpg', '/gallery/20181221', 63207),
	(517, 10, 112, '911428568.jpg.0.jpg', '11220181221911428568.jpg.0.jpg', '/gallery/20181221', 102302),
	(518, 10, 112, 'cat-care_urine-marking_main-image.jpg', '11220181221cat-care_urine-marking_main-image.jpg', '/gallery/20181221', 480636),
	(519, 10, 112, 'Chihuahua-Kitten.jpg', '11220181221Chihuahua-Kitten.jpg', '/gallery/20181221', 33899),
	(520, 10, 112, 'AP080307021578.2e16d0ba.fill-735x490.jpg', '11220181221AP080307021578.2e16d0ba.fill-735x490.jpg', '/gallery/20181221', 113804),
	(521, 10, 112, 'breathing-problems-cat-dog-183155428_0.png', '11220181221breathing-problems-cat-dog-183155428_0.png', '/gallery/20181221', 1013319),
	(522, 10, 112, 'divertido-traje-de-navidad-para-gatos-gorro.jpg', '11220181221divertido-traje-de-navidad-para-gatos-gorro.jpg', '/gallery/20181221', 194744),
	(523, 10, 113, 'AP080307021578.2e16d0ba.fill-735x490.jpg', '11320181221AP080307021578.2e16d0ba.fill-735x490.jpg', '/gallery/20181221', 113804),
	(524, 10, 113, '20171017_140350.jpg', '1132018122120171017_140350.jpg', '/gallery/20181221', 2739972),
	(525, 10, 113, 'shutterstock_726710044.jpg.838x0_q80.jpg', '11320181221shutterstock_726710044.jpg.838x0_q80.jpg', '/gallery/20181221', 81546),
	(526, 10, 113, 'divertido-traje-de-navidad-para-gatos-gorro.jpg', '11320181221divertido-traje-de-navidad-para-gatos-gorro.jpg', '/gallery/20181221', 194744),
	(527, 10, 113, 'Introduce-cat-dog-Cappuccino-6677sak.jpg', '11320181221Introduce-cat-dog-Cappuccino-6677sak.jpg', '/gallery/20181221', 289182),
	(528, 10, 113, 'boss-11.jpg', '11320181221boss-11.jpg', '/gallery/20181221', 633273),
	(529, 10, 114, '4.jpg', '114201812214.jpg', '/gallery/20181221', 76613),
	(530, 10, 114, 'o-WINNNIE-570.jpg', '11420181221o-WINNNIE-570.jpg', '/gallery/20181221', 41069),
	(531, 10, 114, '201604131460701467_1.jpg', '11420181221201604131460701467_1.jpg', '/gallery/20181221', 24706),
	(532, 10, 114, '141524474FD7C25E2D.jpg', '11420181221141524474FD7C25E2D.jpg', '/gallery/20181221', 27264),
	(533, 10, 115, 'images (4).jpg', '11520181221images (4).jpg', '/gallery/20181221', 16108),
	(534, 10, 115, '다운로드 (1).jpg', '11520181221다운로드 (1).jpg', '/gallery/20181221', 15224),
	(535, 10, 115, 'images (2).jpg', '11520181221images (2).jpg', '/gallery/20181221', 9885),
	(536, 10, 115, '다운로드 (2).jpg', '11520181221다운로드 (2).jpg', '/gallery/20181221', 15530),
	(537, 10, 115, '249dc719d652b50e07df480d3e468793-christmas-cards-christmas-dog.jpg', '11520181221249dc719d652b50e07df480d3e468793-christmas-cards-christmas-dog.jpg', '/gallery/20181221', 73574),
	(538, 10, 115, 'Christmas-Kittens-Together-Xmas-Kitty-Cats-Basket_art.jpg', '11520181221Christmas-Kittens-Together-Xmas-Kitty-Cats-Basket_art.jpg', '/gallery/20181221', 51058),
	(539, 10, 116, 'images.jpg', '11620181221images.jpg', '/gallery/20181221', 6193),
	(540, 10, 116, '다운로드.jpg', '11620181221다운로드.jpg', '/gallery/20181221', 108339),
	(541, 10, 116, 'turkey.jpg', '11620181221turkey.jpg', '/gallery/20181221', 94846),
	(542, 10, 116, 'SCC5256-BLACK-AT-DESIGN.jpg', '11620181221SCC5256-BLACK-AT-DESIGN.jpg', '/gallery/20181221', 280738),
	(543, 10, 116, 'wall-shelf-for-cat-ikea-home-design-idea-pi-more-diy-uk-to-climb.jpg', '11620181221wall-shelf-for-cat-ikea-home-design-idea-pi-more-diy-uk-to-climb.jpg', '/gallery/20181221', 337532),
	(544, 10, 116, '_82377877_dogthinkstock.jpg', '11620181221_82377877_dogthinkstock.jpg', '/gallery/20181221', 82451),
	(545, 10, 117, 'boss-11.jpg', '11720181221boss-11.jpg', '/gallery/20181221', 633273),
	(546, 10, 117, 'cat-and-dog.jpg', '11720181221cat-and-dog.jpg', '/gallery/20181221', 1395935),
	(547, 10, 117, 'article-0-0BD3B45F000005DC-950_1024x615_large.jpg', '11720181221article-0-0BD3B45F000005DC-950_1024x615_large.jpg', '/gallery/20181221', 128921),
	(548, 10, 117, 'cat-care_urine-marking_main-image.jpg', '11720181221cat-care_urine-marking_main-image.jpg', '/gallery/20181221', 480636),
	(549, 10, 117, '20171017_140350.jpg', '1172018122120171017_140350.jpg', '/gallery/20181221', 2739972),
	(550, 10, 117, 'cats-and-dogs-4.jpg', '11720181221cats-and-dogs-4.jpg', '/gallery/20181221', 31490),
	(551, 10, 118, '20171017_140350.jpg', '1182018122120171017_140350.jpg', '/gallery/20181221', 2739972),
	(552, 10, 118, 'AdobeStock_126784554-770x405.jpg', '11820181221AdobeStock_126784554-770x405.jpg', '/gallery/20181221', 39911),
	(553, 10, 118, 'cat-dog-furniture-bedding-toys-dote-recycled-materials-london-design-festival-2017_dezeen_sq.jpg', '11820181221cat-dog-furniture-bedding-toys-dote-recycled-materials-london-design-festival-2017_dezeen_sq.jpg', '/gallery/20181221', 5132979),
	(554, 10, 118, '_82377877_dogthinkstock.jpg', '11820181221_82377877_dogthinkstock.jpg', '/gallery/20181221', 82451),
	(555, 10, 118, 'cats-and-dogs-4.jpg', '11820181221cats-and-dogs-4.jpg', '/gallery/20181221', 31490),
	(556, 10, 118, 'Christmas-Kittens-Together-Xmas-Kitty-Cats-Basket_art.jpg', '11820181221Christmas-Kittens-Together-Xmas-Kitty-Cats-Basket_art.jpg', '/gallery/20181221', 51058),
	(557, 20, 378, '331231231.jpg', '3624f6e45be94d99ae56b31f035f8b7d.jpg', '/qna/20181221', 41687),
	(558, 11, 0, 'cat-care_urine-marking_main-image.jpg', 'b072c0bdd8e14b72b7581af6398b459c.jpg', '/tip/20181221', 480636),
	(559, 30, 898, 'back01.jpg', 'back01.jpg', '/hospital/basic/20181221', 83644),
	(560, 10, 119, '20171017_140356.jpg', '1192018122120171017_140356.jpg', '/gallery/20181221', 2517713),
	(561, 10, 119, 'Common-dog-behaviors-explained.jpg', '11920181221Common-dog-behaviors-explained.jpg', '/gallery/20181221', 49038),
	(562, 10, 119, 'cats-and-dogs-4.jpg', '11920181221cats-and-dogs-4.jpg', '/gallery/20181221', 31490),
	(563, 10, 119, '171115-better-stock-holiday-cat-dog-ew-133p_1b85405177d984db896113e33b044094.fit-760w.jpg', '11920181221171115-better-stock-holiday-cat-dog-ew-133p_1b85405177d984db896113e33b044094.fit-760w.jpg', '/gallery/20181221', 114601),
	(564, 10, 119, 'breathing-problems-cat-dog-183155428_0.png', '11920181221breathing-problems-cat-dog-183155428_0.png', '/gallery/20181221', 1013319),
	(565, 10, 119, 'cat-71494_960_720.jpg', '11920181221cat-71494_960_720.jpg', '/gallery/20181221', 128697),
	(566, 11, 0, 'dog-1604630_960_720.jpg', 'acea6c70d91c4c479f5d201100fde3dd.jpg', '/tip/20181221', 117543),
	(567, 20, 379, 'https___blueprint-api-production.s3.amazonaws.com_uploads_card_image_784547_0c47ef8e-b577-4e31-97ab-f604315e050c.jpg', '95b2abf35fb24d61b9a9fe6f639bc431.jpg', '/qna/20181221', 243412),
	(568, 10, 120, 'cats-and-dogs-4.jpg', '12020181221cats-and-dogs-4.jpg', '/gallery/20181221', 31490),
	(569, 10, 120, 'breathing-problems-cat-dog-183155428_0.png', '12020181221breathing-problems-cat-dog-183155428_0.png', '/gallery/20181221', 1013319),
	(570, 10, 120, 'siamesewalking.png', '12020181221siamesewalking.png', '/gallery/20181221', 1617308),
	(571, 10, 120, 'KqhBN22.jpg', '12020181221KqhBN22.jpg', '/gallery/20181221', 50148),
	(572, 10, 120, 'golden-retriever-puppy.jpg', '12020181221golden-retriever-puppy.jpg', '/gallery/20181221', 41880),
	(573, 10, 120, '180605172505_1_540x360.jpg', '12020181221180605172505_1_540x360.jpg', '/gallery/20181221', 34671),
	(574, 11, 0, '1.jpg', '4298f85bf01246f2b333707729dec1ea.jpg', '/tip/20181221', 41595),
	(575, 11, 0, 'article-0-0BD3B45F000005DC-950_1024x615_large.jpg', '729da60651c140a08774309f4bd9165b.jpg', '/tip/20181221', 128921),
	(576, 11, 0, 'article-0-0BD3B45F000005DC-950_1024x615_large.jpg', '5de6930290054fb38072b75c904fb6da.jpg', '/tip/20181221', 128921),
	(577, 11, 0, '331231231.jpg', '541ce74531f241db92defe8fa21a9044.jpg', '/tip/20181221', 41687),
	(578, 20, 380, 'siamesewalking.png', '92441898f30f4d3b9cfbd9f960bc07f0.png', '/qna/20181221', 1617308),
	(579, 31, 18, 'god.jpg', 'god.jpg', '/hospital/chart/20181221', 14331),
	(580, 31, 18, 'main_bg.jpg', 'main_bg.jpg', '/hospital/chart/20181221', 60),
	(581, 31, 18, 'pension.jpg', 'pension.jpg', '/hospital/chart/20181221', 348408),
	(582, 31, 18, 'pic2.jpg', 'pic2.jpg', '/hospital/chart/20181221', 60685),
	(583, 10, 121, 'breathing-problems-cat-dog-183155428_0.png', '12120181221breathing-problems-cat-dog-183155428_0.png', '/gallery/20181221', 1013319),
	(584, 10, 121, 'cats-and-dogs-4.jpg', '12120181221cats-and-dogs-4.jpg', '/gallery/20181221', 31490),
	(585, 10, 121, 'https___blueprint-api-production.s3.amazonaws.com_uploads_card_image_784547_0c47ef8e-b577-4e31-97ab-f604315e050c.jpg', '12120181221https___blueprint-api-production.s3.amazonaws.com_uploads_card_image_784547_0c47ef8e-b577-4e31-97ab-f604315e050c.jpg', '/gallery/20181221', 243412),
	(586, 10, 121, 'il_570xN.1429441007_qox5.jpg', '12120181221il_570xN.1429441007_qox5.jpg', '/gallery/20181221', 33790),
	(587, 10, 121, '171115-better-stock-holiday-cat-dog-ew-133p_1b85405177d984db896113e33b044094.fit-760w.jpg', '12120181221171115-better-stock-holiday-cat-dog-ew-133p_1b85405177d984db896113e33b044094.fit-760w.jpg', '/gallery/20181221', 114601),
	(588, 11, 0, 'shutterstock_726710044.jpg.838x0_q80.jpg', 'a1ef24b0af064975948b3a54c741f814.jpg', '/tip/20181221', 81546),
	(589, 11, 0, 'amistad-canina-011.jpg', '47539f1480444737a767689a3828497b.jpg', '/tip/20181221', 54428),
	(590, 10, 122, 'images (1).jpg', '12220181221images (1).jpg', '/gallery/20181221', 8389),
	(591, 10, 122, 'SCC5256-BLACK-AT-DESIGN.jpg', '12220181221SCC5256-BLACK-AT-DESIGN.jpg', '/gallery/20181221', 280738),
	(592, 10, 122, 'Christmas-Kittens-Together-Xmas-Kitty-Cats-Basket_art.jpg', '12220181221Christmas-Kittens-Together-Xmas-Kitty-Cats-Basket_art.jpg', '/gallery/20181221', 51058),
	(593, 10, 122, 'golden-retriever-puppy.jpg', '12220181221golden-retriever-puppy.jpg', '/gallery/20181221', 41880),
	(594, 10, 122, '다운로드 (1).jpg', '12220181221다운로드 (1).jpg', '/gallery/20181221', 15224),
	(595, 10, 122, 'Chihuahua-Kitten.jpg', '12220181221Chihuahua-Kitten.jpg', '/gallery/20181221', 33899),
	(596, 30, 908, 'pic3.jpg', 'pic3.jpg', '/hospital/basic/20181221', 70812),
	(597, 31, 19, 'god.jpg', 'god.jpg0', '/hospital/chart/20181221', 14331),
	(598, 31, 19, 'main_bg.jpg', 'main_bg.jpg0', '/hospital/chart/20181221', 60),
	(599, 31, 19, 'pension.jpg', 'pension.jpg0', '/hospital/chart/20181221', 348408),
	(600, 31, 19, 'pic2.jpg', 'pic2.jpg0', '/hospital/chart/20181221', 60685),
	(601, 31, 19, 'pic3.jpg', 'pic3.jpg', '/hospital/chart/20181221', 70812),
	(602, 31, 19, 'pic4.jpg', 'pic4.jpg', '/hospital/chart/20181221', 54989),
	(603, 20, 0, '1.jpg', '892eade6a6c84902afc3c23ac58fa007.jpg', '/qna/20181221', 34465),
	(604, 20, 382, '1.jpg', 'e61751903d834db5b453f3f407cb353a.jpg', '/qna/20181221', 34465),
	(606, 20, 384, 'KakaoTalk_20181108_222051763.png', '1204647a2f3b4818a340c159183e36a4.png', '/qna/20181221', 834395),
	(607, 30, 908, 'hospital.jpg', 'hospital.jpg', '/hospital/basic/20181223', 212104),
	(608, 20, 387, 'images.jpg', '8995f1ca4e9c4072bc13b4f048768806.jpg', '/qna/20181224', 4504),
	(609, 11, 0, 'amistad-canina-011.jpg', 'c2b3020881254c28b15838226973daaa.jpg', '/tip/20181224', 54428),
	(610, 30, 898, '드림동물병원.JPG', '드림동물병원.JPG', '/hospital/basic/20181224', 107204),
	(611, 30, 898, 'Screen Shot 2018-12-24 at 09.46.17.jpg', 'Screen Shot 2018-12-24 at 09.46.17.jpg', '/hospital/basic/20181224', 51450),
	(612, 30, 898, 'Screen Shot 2018-12-24 at 09.46.17.jpg', 'Screen Shot 2018-12-24 at 09.46.17.jpg0', '/hospital/basic/20181224', 51450),
	(613, 11, 0, '39485118087767884_-689155820.png', '0f23922fc28e4fe7b839b5fba6f4eef4.png', '/tip/20181224', 741083),
	(614, 31, 20, 'back01.jpg', 'back01.jpg', '/hospital/chart/20181224', 83644),
	(615, 10, 123, '다운로드 (2).jpg', '12320181224다운로드 (2).jpg', '/gallery/20181224', 15530),
	(616, 10, 123, 'henry-baloo-cat-dog-colorado-instagram-CATDOGTRAVEL1217.jpg', '12320181224henry-baloo-cat-dog-colorado-instagram-CATDOGTRAVEL1217.jpg', '/gallery/20181224', 146320),
	(617, 10, 123, 'Christmas-Kittens-Together-Xmas-Kitty-Cats-Basket_art.jpg', '12320181224Christmas-Kittens-Together-Xmas-Kitty-Cats-Basket_art.jpg', '/gallery/20181224', 51058),
	(618, 10, 123, '20171017_140350.jpg', '1232018122420171017_140350.jpg', '/gallery/20181224', 2739972),
	(619, 10, 123, 'wall-shelf-for-cat-ikea-home-design-idea-pi-more-diy-uk-to-climb.jpg', '12320181224wall-shelf-for-cat-ikea-home-design-idea-pi-more-diy-uk-to-climb.jpg', '/gallery/20181224', 337532),
	(620, 10, 123, 'AdobeStock_126784554-770x405.jpg', '12320181224AdobeStock_126784554-770x405.jpg', '/gallery/20181224', 39911),
	(621, 30, 899, '드림동물병원.JPG', '드림동물병원.JPG0', '/hospital/basic/20181224', 107204),
	(622, 30, 900, '드림동물병원.JPG', '드림동물병원.JPG01', '/hospital/basic/20181224', 107204),
	(623, 20, 388, 'download.jpg', '65d65992122f4202903bfc6f7fe4da77.jpg', '/qna/20181224', 19462),
	(624, 20, 389, 'images.jpg', 'ab842b8d54e042178834f5dec2956da9.jpg', '/qna/20181224', 4504),
	(625, 30, 980, 'hospital.jpg', 'hospital.jpg', '/hospital/basic/20181224', 212104),
	(626, 31, 21, '강아지 X-Ray.JPG', '강아지 X-Ray.JPG', '/hospital/chart/20181224', 40164),
	(627, 31, 21, '강아지 귀.png', '강아지 귀.png', '/hospital/chart/20181224', 116068);
/*!40000 ALTER TABLE `file_info` ENABLE KEYS */;

-- 테이블 myvet.gallery 구조 내보내기
CREATE TABLE IF NOT EXISTS `gallery` (
  `gallery_no` int(11) NOT NULL AUTO_INCREMENT,
  `board_code` int(11) NOT NULL,
  `writer_no` int(11) DEFAULT NULL,
  `pet_no` int(11) DEFAULT NULL,
  `title` varchar(50) COLLATE utf8mb4_unicode_ci NOT NULL,
  `content` varchar(3000) COLLATE utf8mb4_unicode_ci NOT NULL,
  `reg_date` datetime DEFAULT CURRENT_TIMESTAMP,
  `view_cnt` int(11) DEFAULT '0',
  PRIMARY KEY (`gallery_no`)
) ENGINE=InnoDB AUTO_INCREMENT=124 DEFAULT CHARSET=utf8mb4 COLLATE=utf8mb4_unicode_ci;

-- 테이블 데이터 myvet.gallery:~16 rows (대략적) 내보내기
/*!40000 ALTER TABLE `gallery` DISABLE KEYS */;
INSERT INTO `gallery` (`gallery_no`, `board_code`, `writer_no`, `pet_no`, `title`, `content`, `reg_date`, `view_cnt`) VALUES
	(108, 10, 66, NULL, '메리크리스마스', '냥냥~', '2018-12-21 14:31:30', 0),
	(109, 10, 67, NULL, '사이좋게 찰칵!', '오늘도 사이좋은 댕댕이', '2018-12-21 14:33:10', 0),
	(110, 10, 74, NULL, '냥냥이와 메리', '메리크리스마스~\r\n해피뉴이어', '2018-12-21 14:37:22', 0),
	(111, 10, 74, NULL, '메리 크리스마스', '메리크리스마스!!!', '2018-12-21 14:42:18', 4),
	(112, 10, 74, NULL, '산책나가는 복돌이와 복순이^^', '바람 좋네', '2018-12-21 14:43:14', 7),
	(113, 10, 74, NULL, '눈이와요', '하얀눈이 와요', '2018-12-21 14:44:22', 2),
	(114, 10, 75, NULL, '아기들 사진 ^^', '제가 기르는 아기들은 아니지만 너무 이뻐서 공유합니다 ^^....', '2018-12-21 14:44:59', 1),
	(115, 10, 74, NULL, '크리스마스 선물~', '산타할아버지\r\n선물점...', '2018-12-21 14:45:35', 15),
	(116, 10, 74, NULL, '사료말고 개껌!', '개껌주세요', '2018-12-21 14:46:36', 12),
	(117, 10, 67, NULL, '101마리', '달마시안!', '2018-12-21 14:47:53', 2),
	(118, 10, 71, NULL, '피곤햏', '나이 먹는다ㅠ', '2018-12-21 14:50:07', 2),
	(119, 10, 74, NULL, '포니의 일상', '먹고 \r\n자고 \r\n뒹굴고 \r\n싸고', '2018-12-21 14:54:59', 5),
	(120, 10, 74, NULL, '까꿍!', '개발바닥 \r\n곰발바닥', '2018-12-21 14:58:50', 3),
	(121, 10, 74, NULL, '누구코일까요?', '개코', '2018-12-21 15:06:03', 21),
	(122, 10, 81, NULL, '냥냥이 해군입대', '빠이ㅠㅠ', '2018-12-21 15:14:33', 4),
	(123, 10, 70, NULL, '즐거운 크리스마스', 'With Kevin...', '2018-12-24 10:53:02', 16);
/*!40000 ALTER TABLE `gallery` ENABLE KEYS */;

-- 테이블 myvet.gallery_comment 구조 내보내기
CREATE TABLE IF NOT EXISTS `gallery_comment` (
  `comment_no` int(11) NOT NULL AUTO_INCREMENT,
  `gallery_no` int(11) NOT NULL,
  `commenter_no` int(11) DEFAULT NULL,
  `comment` varchar(1000) COLLATE utf8mb4_unicode_ci NOT NULL,
  `reg_date` datetime DEFAULT CURRENT_TIMESTAMP,
  PRIMARY KEY (`comment_no`)
) ENGINE=InnoDB AUTO_INCREMENT=73 DEFAULT CHARSET=utf8mb4 COLLATE=utf8mb4_unicode_ci;

-- 테이블 데이터 myvet.gallery_comment:~5 rows (대략적) 내보내기
/*!40000 ALTER TABLE `gallery_comment` DISABLE KEYS */;
INSERT INTO `gallery_comment` (`comment_no`, `gallery_no`, `commenter_no`, `comment`, `reg_date`) VALUES
	(68, 106, 66, '공부하세요!ㅋㅋ', '2018-12-21 14:03:06'),
	(69, 121, 74, '정말 웃기네요', '2018-12-21 15:06:20'),
	(70, 122, 74, '벌써 많이 컸네여ㅠㅜ', '2018-12-21 18:37:51'),
	(71, 115, 70, '메리 크리스마스!', '2018-12-21 18:48:10'),
	(72, 123, 81, '정말 좋으시겠어요', '2018-12-24 11:16:20');
/*!40000 ALTER TABLE `gallery_comment` ENABLE KEYS */;

-- 테이블 myvet.gallery_comment_recommend 구조 내보내기
CREATE TABLE IF NOT EXISTS `gallery_comment_recommend` (
  `no` int(11) NOT NULL AUTO_INCREMENT,
  `comment_no` int(11) DEFAULT NULL,
  `member_no` int(11) DEFAULT NULL,
  `recommend` int(11) DEFAULT NULL,
  PRIMARY KEY (`no`)
) ENGINE=InnoDB DEFAULT CHARSET=utf8mb4 COLLATE=utf8mb4_unicode_ci;

-- 테이블 데이터 myvet.gallery_comment_recommend:~0 rows (대략적) 내보내기
/*!40000 ALTER TABLE `gallery_comment_recommend` DISABLE KEYS */;
/*!40000 ALTER TABLE `gallery_comment_recommend` ENABLE KEYS */;

-- 테이블 myvet.gallery_recommend 구조 내보내기
CREATE TABLE IF NOT EXISTS `gallery_recommend` (
  `no` int(11) NOT NULL AUTO_INCREMENT,
  `gallery_no` int(11) NOT NULL,
  `member_no` int(11) NOT NULL,
  `recommend` int(11) NOT NULL,
  PRIMARY KEY (`no`)
) ENGINE=InnoDB AUTO_INCREMENT=197 DEFAULT CHARSET=utf8mb4 COLLATE=utf8mb4_unicode_ci;

-- 테이블 데이터 myvet.gallery_recommend:~27 rows (대략적) 내보내기
/*!40000 ALTER TABLE `gallery_recommend` DISABLE KEYS */;
INSERT INTO `gallery_recommend` (`no`, `gallery_no`, `member_no`, `recommend`) VALUES
	(167, 106, 66, 1),
	(168, 111, 74, 1),
	(169, 115, 74, 1),
	(170, 116, 67, 1),
	(171, 112, 71, 1),
	(172, 118, 71, 1),
	(173, 117, 74, 1),
	(174, 119, 74, 1),
	(175, 113, 74, 1),
	(176, 112, 74, 1),
	(177, 121, 74, 1),
	(178, 121, 76, 1),
	(179, 121, 66, 1),
	(180, 121, 70, 1),
	(181, 112, 70, 1),
	(182, 116, 81, 1),
	(183, 115, 81, 1),
	(185, 116, 74, 1),
	(186, 115, 70, 1),
	(189, 121, 68, 1),
	(190, 123, 70, 1),
	(191, 123, 81, 1),
	(192, 123, 66, 1),
	(193, 123, 67, 1),
	(194, 120, 67, -1),
	(195, 115, 67, 1),
	(196, 123, 68, 1);
/*!40000 ALTER TABLE `gallery_recommend` ENABLE KEYS */;

-- 테이블 myvet.hos_basic 구조 내보내기
CREATE TABLE IF NOT EXISTS `hos_basic` (
  `hos_code` int(11) NOT NULL AUTO_INCREMENT,
  `title` varchar(100) COLLATE utf8mb4_unicode_ci NOT NULL,
  `roadAddress` varchar(300) COLLATE utf8mb4_unicode_ci DEFAULT NULL,
  `address` varchar(300) COLLATE utf8mb4_unicode_ci DEFAULT NULL,
  `mapx` double NOT NULL,
  `mapy` double NOT NULL,
  `hos_search_cnt` int(11) DEFAULT '0',
  `telephone` varchar(50) COLLATE utf8mb4_unicode_ci DEFAULT NULL,
  `hos_register` char(1) COLLATE utf8mb4_unicode_ci NOT NULL DEFAULT 'N',
  `lunch_start` time DEFAULT NULL,
  `lunch_end` time DEFAULT NULL,
  `hos_comment` varchar(3000) COLLATE utf8mb4_unicode_ci DEFAULT NULL,
  `thumb_img` int(11) DEFAULT NULL,
  PRIMARY KEY (`hos_code`)
) ENGINE=InnoDB AUTO_INCREMENT=993 DEFAULT CHARSET=utf8mb4 COLLATE=utf8mb4_unicode_ci;

-- 테이블 데이터 myvet.hos_basic:~97 rows (대략적) 내보내기
/*!40000 ALTER TABLE `hos_basic` DISABLE KEYS */;
INSERT INTO `hos_basic` (`hos_code`, `title`, `roadAddress`, `address`, `mapx`, `mapy`, `hos_search_cnt`, `telephone`, `hos_register`, `lunch_start`, `lunch_end`, `hos_comment`, `thumb_img`) VALUES
	(895, '고양이병원 백산동물병원', '서울특별시 강남구 논현로86길 22', '서울특별시 강남구 역삼동 725-15', 127.03931099055275, 37.50013120099694, 277, '1644-5653', 'N', NULL, NULL, NULL, NULL),
	(896, '24시 SNC 동물메디컬센터', '서울특별시 강남구 논현로 416 운기빌딩', '서울특별시 강남구 역삼동 727-8 운기빌딩', 127.03892216458986, 37.497431443519226, 280, '02-562-7582', 'N', NULL, NULL, NULL, NULL),
	(897, '예은동물병원', '서울특별시 강남구 도곡로 189 정금빌딩', '서울특별시 강남구 역삼동 798-20 정금빌딩', 127.04003164353401, 37.492436054469295, 296, '02-529-5575', 'Y', NULL, NULL, '슬개골 탈골 및 정형외과 전문 동물병원입니다.', 474),
	(898, '드림 동물병원', '서울특별시 강남구 역삼로 234 뉴튼플라자', '서울특별시 강남구 역삼동 771 뉴튼플라자', 127.04220441100858, 37.497098646327515, 277, '02-508-7583', 'Y', NULL, NULL, '병원 소개 블라블라', 612),
	(899, '독립문 동물병원', '서울특별시 서대문구 통일로 171', '서울특별시 서대문구 냉천동 195', 126.96319710261508, 37.569095763466, 298, '02-733-5060', 'Y', NULL, NULL, 'ㅁㅇㄴㄹㅁㄴㅇㄹ', 621),
	(900, '누리봄 동물병원', '서울특별시 종로구 사직로12길 2', '서울특별시 종로구 내자동 125-3', 126.97108169112775, 37.575797380795784, 298, '02-735-7530', 'Y', NULL, NULL, '리봄 동물병원', 622),
	(901, '광화문동물병원', '서울특별시 종로구 사직로9길 6', '서울특별시 종로구 필운동 137-5', 126.96867725790601, 37.57653591623428, 298, '02-722-8275', 'N', NULL, NULL, NULL, NULL),
	(902, '경희궁 바른 동물병원', '서울특별시 종로구 0', '서울특별시 종로구 홍파동 42-13', 126.96241697665, 37.57097672910244, 298, '02-735-9088', 'N', NULL, NULL, NULL, NULL),
	(903, '효자 동물병원', '서울특별시 종로구 자하문로 66', '서울특별시 종로구 효자동 30', 126.97097294041882, 37.581972813335504, 292, '02-732-3827', 'N', NULL, NULL, NULL, NULL),
	(904, '청담우리 동물병원', '서울특별시 강남구 삼성로 614', '서울특별시 강남구 삼성동 70-6', 127.05288220922596, 37.51449676220707, 15, '02-541-7515', 'N', NULL, NULL, NULL, NULL),
	(905, '루시드 동물 메디컬센터', '서울특별시 강북구 월계로 3 덕신빌딩', '서울특별시 강북구 미아동 42-11 덕신빌딩', 127.03063280766641, 37.60957327536055, 0, '02-941-7900', 'N', NULL, NULL, NULL, NULL),
	(906, '세계로 동물병원', '서울특별시 관악구 남부순환로 1497', '서울특별시 관악구 신림동 526-9', 126.91703672366512, 37.48261635759517, 0, '02-868-3931', 'N', NULL, NULL, NULL, NULL),
	(907, '24시 우리들 동물 메디컬센터', '서울특별시 양천구 목동로 161', '서울특별시 양천구 신정동 1007-10', 126.86493245000521, 37.522913894520386, 0, '02-2642-7588', 'N', NULL, NULL, NULL, NULL),
	(909, '이리온 동물병원 판교점', '경기도 성남시 분당구 동판교로177번길 25 판교 호반 써밋 플레이스', '경기도 성남시 분당구 삼평동 740 판교 호반 써밋 플레이스', 127.1135606437858, 37.39727950960262, 5, '031-8017-6125', 'N', NULL, NULL, NULL, NULL),
	(910, '행복한 동물병원', '경기도 성남시 분당구 동판교로 226 봇들마을4단지아파트', '경기도 성남시 분당구 삼평동 718 봇들마을4단지아파트', 127.11796362051035, 37.4035083067729, 5, '031-8017-5575', 'N', NULL, NULL, NULL, NULL),
	(911, '분당중앙 동물병원', '경기도 성남시 분당구 중앙공원로39번길 49 서현 지엔느', '경기도 성남시 분당구 서현동 88 서현 지엔느', 127.12475559237997, 37.383803791567935, 7, '031-708-8875', 'N', NULL, NULL, NULL, NULL),
	(912, '바른 동물병원', '서울특별시 중구 퇴계로 447 황학 아크로타워', '서울특별시 중구 황학동 2523 황학 아크로타워', 127.02215581001734, 37.56609451918602, 0, '02-2232-7975', 'N', NULL, NULL, NULL, NULL),
	(913, '24시애니 동물병원', '서울특별시 성북구 보문로 99 영광빌딩', '서울특별시 성북구 보문동5가 3-1 영광빌딩', 127.01983886569407, 37.58394935996178, 0, '02-926-8275', 'N', NULL, NULL, NULL, NULL),
	(914, '바우미우 동물병원', '서울특별시 중구 다산로 175 명덕빌딩', '서울특별시 중구 신당동 336-3 명덕빌딩', 127.01285095528542, 37.559298455491074, 0, '02-2237-3366', 'N', NULL, NULL, NULL, NULL),
	(915, '좋아요 동물병원', '서울특별시 중구 다산로36길 83', '서울특별시 중구 신당동 44-17', 127.01911794603124, 37.56054246868914, 0, '02-2233-6675', 'N', NULL, NULL, NULL, NULL),
	(916, '24시부평종합 동물 의료센터', '인천광역시 부평구 부평대로 138', '인천광역시 부평구 부평동 431-12', 126.72199273096784, 37.50380737493005, 0, '032-511-6836', 'N', NULL, NULL, NULL, NULL),
	(917, '24시 소래 동물병원', '인천광역시 남동구 소래역남로 40 에코메트로3차 더타워', '인천광역시 남동구 논현동 751-1 에코메트로3차 더타워', 126.7329593358907, 37.39987183500093, 0, '032-438-3227', 'N', NULL, NULL, NULL, NULL),
	(918, '24시독스 동물병원', '인천광역시 남동구 남동대로 912 유진빌딩', '인천광역시 남동구 간석동 210-2 유진빌딩', 126.70847332509281, 37.463791037720874, 0, '032-433-0075', 'N', NULL, NULL, NULL, NULL),
	(919, '아프리카 동물병원', '인천광역시 부평구 장제로 224', '인천광역시 부평구 부개동 478-2', 126.73141748275471, 37.505571627946715, 0, '032-508-7582', 'N', NULL, NULL, NULL, NULL),
	(920, '정서 동물병원', '인천광역시 남동구 석산로 35 간석마을 풍림아이원아파트', '인천광역시 남동구 간석동 935 간석마을 풍림아이원아파트', 126.6972767599023, 37.46250091036391, 0, '032-422-5399', 'N', NULL, NULL, NULL, NULL),
	(921, '부산 종합 동물 병원', '부산광역시 부산진구 중앙대로 867', '부산광역시 부산진구 양정동 519-16', 129.06680885745436, 35.16856328496854, 0, '', 'N', NULL, NULL, NULL, NULL),
	(922, '부산동물병원', '경상남도 창원시 마산합포구 3·15대로 437', '경상남도 창원시 마산합포구 상남동 162-166', 128.57594197106454, 35.213475604569155, 0, '055-243-8104', 'N', NULL, NULL, NULL, NULL),
	(923, '새 부산동물병원', '부산광역시 부산진구 전포대로298번길 1', '부산광역시 부산진구 전포동 584', 129.0656226388512, 35.163427918968516, 0, '051-802-6637', 'N', NULL, NULL, NULL, NULL),
	(924, '부산 동물 메디컬센터', '부산광역시 연제구 거제대로 278', '부산광역시 연제구 거제동 2-7', 129.07799269149686, 35.19079993849323, 0, '051-868-7591', 'N', NULL, NULL, NULL, NULL),
	(925, '미소 동물 병원', '부산광역시 부산진구 가야대로 754 한솔폴라리스', '부산광역시 부산진구 부전동 505-6 한솔폴라리스', 129.0538845854515, 35.15713514570672, 0, '051-894-5433', 'N', NULL, NULL, NULL, NULL),
	(926, '우산 동물병원', '경상북도 울릉군 서면 남양1길 4', '경상북도 울릉군 서면 남양리 605', 130.8382952143899, 37.46617412567944, 0, '054-791-0911', 'N', NULL, NULL, NULL, NULL),
	(927, '울릉가축 병원', '경상북도 울릉군 울릉읍 도동길 253', '경상북도 울릉군 울릉읍 도동리 594-1', 130.89891499281066, 37.48402537458806, 0, '', 'N', NULL, NULL, NULL, NULL),
	(928, '울산동물병원', '울산광역시 중구 학성공원13길 45', '울산광역시 중구 학성동 192-1', 129.337047771362, 35.5556808297817, 0, '052-297-0979', 'N', NULL, NULL, NULL, NULL),
	(929, '울산 24시 스마트 동물 병원', '울산광역시 남구 삼산로 71', '울산광역시 남구 달동 885-16', 129.31540034681015, 35.53460341332783, 0, '052-707-2475', 'N', NULL, NULL, NULL, NULL),
	(930, '울산 착한 동물 병원', '울산광역시 북구 매곡1로 6', '울산광역시 북구 매곡동 542-26', 129.354900948067, 35.642764004711616, 0, '052-708-0119', 'N', NULL, NULL, NULL, NULL),
	(931, '울산 메디컬 동물 병원', '울산광역시 남구 돋질로 273', '울산광역시 남구 삼산동 1472-2', 129.3346565097125, 35.5443064031875, 0, '052-977-7582', 'N', NULL, NULL, NULL, NULL),
	(932, '울산 학성 동물 매개치료센터', '울산광역시 중구 중앙길 71', '울산광역시 중구 성남동 182-4', 129.31747380111054, 35.555157076166154, 0, '', 'N', NULL, NULL, NULL, NULL),
	(933, '닥터코기 동물병원', '대전광역시 서구 둔산남로 94 로고스빌딩', '대전광역시 서구 탄방동 710 로고스빌딩', 127.38794527125326, 36.34872655004834, 0, '042-489-8834', 'N', NULL, NULL, NULL, NULL),
	(934, '24아프리카 동물 메디컬센터', '대전광역시 서구 문정로 16', '대전광역시 서구 탄방동 605', 127.38172710602318, 36.3454955354726, 0, '042-486-7581', 'N', NULL, NULL, NULL, NULL),
	(935, '24시타임 동물 메디컬센터', '대전광역시 서구 둔산로 57', '대전광역시 서구 둔산동 1276', 127.3803117344216, 36.35158673201553, 0, '042-488-2777', 'N', NULL, NULL, NULL, NULL),
	(936, '예담 동물병원', '대전광역시 유성구 원신흥로55번길 6', '대전광역시 유성구 원신흥동 507-1', 127.34228583444724, 36.33858045733513, 0, '042-822-5071', 'N', NULL, NULL, NULL, NULL),
	(937, '웰니스 동물병원  대전 복합터미널점', '대전광역시 동구 동서대로 1689 대전복합터미널(서관)', '대전광역시 동구 용전동 63-3 대전복합터미널(서관)', 127.4366377251728, 36.350383744126034, 0, '042-624-6275', 'N', NULL, NULL, NULL, NULL),
	(938, '대구 24시 동물병원', '대구광역시 북구 침산남로 61', '대구광역시 북구 노원동1가 1-8', 128.58249220603307, 35.88982697478654, 1, '053-352-8277', 'N', NULL, NULL, NULL, NULL),
	(939, '죽전 동물 메디컬센터', '대구광역시 달서구 달구벌대로 1521', '대구광역시 달서구 용산동 208-27', 128.53328065532114, 35.850069993017875, 1, '053-567-7575', 'N', NULL, NULL, NULL, NULL),
	(940, '24시범어 동물 의료센터', '대구광역시 수성구 달구벌대로 2354', '대구광역시 수성구 수성동3가 10', 128.61991167799434, 35.85921889241145, 1, '053-716-7585', 'N', NULL, NULL, NULL, NULL),
	(941, '에피소드 동물병원', '대구광역시 수성구 달구벌대로 2660', '대구광역시 수성구 만촌동 859-2', 128.6523228867503, 35.85529084162557, 1, '053-745-7975', 'N', NULL, NULL, NULL, NULL),
	(942, '스마트 동물병원', '대구광역시 수성구 동대구로 247', '대구광역시 수성구 범어동 774-45', 128.62481046409255, 35.852501876433806, 1, '053-762-7942', 'N', NULL, NULL, NULL, NULL),
	(943, '포항동물병원', '경상북도 포항시 북구 용당로 19', '경상북도 포항시 북구 용흥동 144-8', 129.3569639312543, 36.03040263794611, 0, '054-246-0080', 'N', NULL, NULL, NULL, NULL),
	(944, '포항 중앙 동물 병원', '경상북도 포항시 북구 신덕로 254', '경상북도 포항시 북구 양덕동 689-2', 129.38859333039483, 36.08791517629796, 0, '054-232-0075', 'N', NULL, NULL, NULL, NULL),
	(945, '문덕 동물 병원', '경상북도 포항시 남구 오천읍 원동로 59', '경상북도 포항시 남구 오천읍 원리 893-42', 129.40237835523058, 35.96827989058755, 0, '054-293-1021', 'N', NULL, NULL, NULL, NULL),
	(946, '미르 동물 병원', '경상북도 포항시 남구 오천읍 해병로269번길 3', '경상북도 포항시 남구 오천읍 용덕리 449', 129.4116662820052, 35.97106570456427, 0, '054-292-3112', 'N', NULL, NULL, NULL, NULL),
	(947, '조은 동물 병원', '경상북도 포항시 남구 중흥로 124', '경상북도 포항시 남구 상도동 601-14', 129.3526786707405, 36.01564924475559, 0, '054-277-7535', 'N', NULL, NULL, NULL, NULL),
	(948, '이리온 동물병원', '서울특별시 강남구 도산대로 445 M빌딩', '서울특별시 강남구 청담동 97 M빌딩', 127.04466324039538, 37.52456382845776, 14, '02-1577-6125', 'N', NULL, NULL, NULL, NULL),
	(949, '스마트 동물병원', '서울특별시 강남구 선릉로 418', '서울특별시 강남구 대치동 898', 127.05033967025918, 37.50226101442754, 14, '02-554-7582', 'N', NULL, NULL, NULL, NULL),
	(950, '라온펫 동물병원', '서울특별시 강남구 선릉로 120 개포1,2차 우성아파트', '서울특별시 강남구 대치동 503 개포1,2차 우성아파트', 127.05989784344642, 37.49112163736135, 14, '02-555-2272', 'N', NULL, NULL, NULL, NULL),
	(951, '성남동물병원', '경기도 성남시 중원구 둔촌대로 243', '경기도 성남시 중원구 하대원동 127-3', 127.1451071354428, 37.42871885304272, 0, '031-752-7582', 'N', NULL, NULL, NULL, NULL),
	(952, '아프리카 동물 종합 병원', '경기도 성남시 분당구 서현로 170 풍림아이원플러스', '경기도 성남시 분당구 서현동 255-1 풍림아이원플러스', 127.1224747389589, 37.38895147375338, 1, '031-705-7776', 'N', NULL, NULL, NULL, NULL),
	(953, '위례24시 동물 의료센터', '경기도 성남시 수정구 위례광장로 104 위례 한화 오벨리스크 센트럴스퀘어', '경기도 성남시 수정구 창곡동 505 위례 한화 오벨리스크 센트럴스퀘어', 127.14125708152734, 37.473045967694766, 0, '031-758-7599', 'N', NULL, NULL, NULL, NULL),
	(954, '캐비어 동물 메디컬센터', '경기도 성남시 중원구 산성대로 430 태종빌딩', '경기도 성남시 중원구 금광동 4614 태종빌딩', 127.15960367363635, 37.449991142597085, 0, '031-741-1799', 'N', NULL, NULL, NULL, NULL),
	(955, '365 동물병원  분당 점', '경기도 성남시 분당구 미금일로90번길 32', '경기도 성남시 분당구 구미동 30', 127.11046236652903, 37.34893608776613, 0, '031-718-0365', 'N', NULL, NULL, NULL, NULL),
	(956, '우리 동물병원', '경기도 성남시 분당구 백현로156번길 17', '경기도 성남시 분당구 정자동 56-1', 127.11397508111162, 37.371314556483746, 0, '031-719-5725', 'N', NULL, NULL, NULL, NULL),
	(957, 'P&amp;P 동물병원', '경기도 성남시 분당구 서판교로 36', '경기도 성남시 분당구 판교동 577-3', 127.09793390065006, 37.38994572829158, 0, '031-8017-5558', 'N', NULL, NULL, NULL, NULL),
	(958, '하슬라 동물병원', '강원도 강릉시 하슬라로 131', '강원도 강릉시 교동 1907-2', 128.87330394238032, 37.76176169545106, 1, '033-645-7585', 'N', NULL, NULL, NULL, NULL),
	(959, '도그빌 동물병원', '강원도 강릉시 율곡로 2858', '강원도 강릉시 옥천동 146-1', 128.896594090007, 37.758871407926534, 1, '033-645-2289', 'N', NULL, NULL, NULL, NULL),
	(960, '베스트 동물병원', '강원도 강릉시 경강로 2129', '강원도 강릉시 옥천동 163-1', 128.89916356411868, 37.75695616519301, 1, '033-922-7582', 'N', NULL, NULL, NULL, NULL),
	(961, '애견종합 동물병원', '강원도 강릉시 경강로 2130', '강원도 강릉시 옥천동 168-4', 128.89940867051453, 37.75654497230555, 1, '033-647-8575', 'N', NULL, NULL, NULL, NULL),
	(962, '보듬 동물병원', '강원도 강릉시 경강로 2070', '강원도 강릉시 임당동 134-6', 128.89403653422212, 37.75320222303178, 1, '033-655-7975', 'N', NULL, NULL, NULL, NULL),
	(963, '혜민 동물병원', '서울특별시 강남구 테헤란로8길 37 한동빌딩 사옥', '서울특별시 강남구 역삼동 828-7 한동빌딩 사옥', 127.03258665418056, 37.496599460667234, 2, '02-454-8275', 'N', NULL, NULL, NULL, NULL),
	(964, '논현 동물병원', '서울특별시 강남구 강남대로118길 47', '서울특별시 강남구 논현동 181-8', 127.02682319235721, 37.50750906420393, 2, '02-3442-3785', 'N', NULL, NULL, NULL, NULL),
	(965, '중앙 동물 메디컬센터', '서울특별시 강남구 봉은사로 315 미래빌딩', '서울특별시 강남구 논현동 277-21 미래빌딩', 127.041375683736, 37.509995560571326, 2, '02-512-3070', 'N', NULL, NULL, NULL, NULL),
	(966, '백슬 동물병원', '서울특별시 중구 만리재로 177', '서울특별시 중구 만리동2가 10-1', 126.9664311855687, 37.555746446030774, 5, '02-393-7588', 'N', NULL, NULL, NULL, NULL),
	(967, 'e 동물 메디컬센터', '전라남도 무안군 삼향읍 남악2로74번가길 4', '전라남도 무안군 삼향읍 남악리 2085', 126.45919078612884, 34.813357593953775, 0, '061-244-7067', 'N', NULL, NULL, NULL, NULL),
	(968, '아빠손 동물병원', '전라남도 무안군 삼향읍 남악3로 74 유풍프라자', '전라남도 무안군 삼향읍 남악리 2143 유풍프라자', 126.46067417588527, 34.81211879784273, 0, '061-282-7553', 'N', NULL, NULL, NULL, NULL),
	(969, '남악 동물병원', '전라남도 무안군 삼향읍 남악4로 50 골든스위트', '전라남도 무안군 삼향읍 남악리 1577 골든스위트', 126.46640203171926, 34.810398875442964, 0, '061-287-0275', 'N', NULL, NULL, NULL, NULL),
	(970, '오룡 동물병원', '전라남도 무안군 삼향읍 남악5로48번길 21', '전라남도 무안군 삼향읍 남악리 1854', 126.47371999957554, 34.80960860615743, 0, '061-282-2398', 'N', NULL, NULL, NULL, NULL),
	(971, '한일 동물병원', '전라남도 무안군 무안읍 면성2길 40 보스음식점', '전라남도 무안군 무안읍 성내리 194 보스음식점', 126.47634757930395, 34.990053388791225, 0, '061-452-0877', 'N', NULL, NULL, NULL, NULL),
	(972, '가야펫동물병원', '경기도 용인시 수지구 포은대로 91', '경기도 용인시 수지구 상현동 1190-2', 127.06993934105282, 37.30117260267016, 36, '031-216-8092', 'N', NULL, NULL, NULL, NULL),
	(973, '광교24시동물의료센터', '경기도 용인시 수지구 광교중앙로 297', '경기도 용인시 수지구 상현동 1117-8', 127.0685626159018, 37.29672970017627, 36, '031-893-7982', 'N', NULL, NULL, NULL, NULL),
	(974, '수지동물의료원', '경기도 용인시 수지구 수지로 77 힐프라자', '경기도 용인시 수지구 상현동 106-8 힐프라자', 127.07589156618036, 37.30999498128917, 36, '031-365-3375', 'N', NULL, NULL, NULL, NULL),
	(975, '광교호수동물병원', '경기도 용인시 수지구 광교마을로 91', '경기도 용인시 수지구 상현동 1130-2', 127.07466450370009, 37.29775604085401, 36, '031-212-7515', 'N', NULL, NULL, NULL, NULL),
	(976, '서울동물메디컬센터', '경기도 광주시 오포읍 신현로 89', '경기도 광주시 오포읍 신현리 674', 127.15673210174941, 37.36043973390087, 32, '031-8022-7582', 'N', NULL, NULL, NULL, NULL),
	(977, '애플펫동물병원', '경기도 광주시 오포읍 태재로 21', '경기도 광주시 오포읍 신현리 709-10', 127.15181843654514, 37.360024637801345, 32, '031-726-4800', 'N', NULL, NULL, NULL, NULL),
	(978, '펫토피아 동물병원', '경기도 성남시 분당구 불정로 266 유신제일조합', '경기도 성남시 분당구 수내동 87-1 유신제일조합', 127.12767123381414, 37.367104560134415, 32, '031-714-8391', 'N', NULL, NULL, NULL, NULL),
	(979, '죽전TNR동물병원', '경기도 용인시 처인구 모현읍 대지로 407', '경기도 용인시 처인구 모현읍 오산리 193-28', 127.15120767150664, 37.33083533285766, 32, '031-322-7586', 'N', NULL, NULL, NULL, NULL),
	(980, 'ATOZ 동물병원', '경기도 성남시 분당구 동판교로 177', '경기도 성남시 분당구 삼평동 737', 127.11645989487964, 37.39860577350669, 0, '031-8016-8206', 'Y', NULL, NULL, 'AtoZ 동물병원 아토즈 동물병원입니다.', 625),
	(981, '돌봄 동물병원', '경기도 수원시 영통구 중부대로 250', '경기도 수원시 영통구 매탄동 153-31', 127.04310907321896, 37.274647888375576, 43, '031-217-7570', 'N', NULL, NULL, NULL, NULL),
	(982, '수원종합동물병원', '경기도 수원시 영통구 중부대로 263', '경기도 수원시 영통구 원천동 79-9', 127.04479271540636, 37.274747533454686, 43, '031-214-5527', 'N', NULL, NULL, NULL, NULL),
	(983, '매탄동물병원', '경기도 수원시 영통구 효원로 374 주공플라자', '경기도 수원시 영통구 매탄동 1270-1 주공플라자', 127.04229762297953, 37.25883459504139, 43, '031-211-0075', 'N', NULL, NULL, NULL, NULL),
	(984, '24시 숨동물병원', '경기도 수원시 권선구 권선로 715', '경기도 수원시 권선구 권선동 1022-7', 127.02961309669546, 37.258732092387135, 43, '031-548-2475', 'N', NULL, NULL, NULL, NULL),
	(985, 'WE동물병원', '경기도 수원시 장안구 파장로 109', '경기도 수원시 장안구 정자동 541-21', 126.98967082526342, 37.30822338693478, 1, '031-269-9975', 'N', NULL, NULL, NULL, NULL),
	(986, '베스트동물병원', '경기도 수원시 장안구 덕영대로535번길 38 경기서적', '경기도 수원시 장안구 천천동 524-3 경기서적', 126.98239632883218, 37.297182289930475, 1, '031-268-7582', 'N', NULL, NULL, NULL, NULL),
	(987, '늘푸른동물병원', '경기도 수원시 장안구 파장로 59 그린동물병원', '경기도 수원시 장안구 정자동 429-1 그린동물병원', 126.99390808772458, 37.30559438819222, 1, '031-245-7707', 'N', NULL, NULL, NULL, NULL),
	(988, '레오동물병원', '경기도 수원시 장안구 정자천로 187 롯데프라자', '경기도 수원시 장안구 정자동 874-2 롯데프라자', 126.99543326094117, 37.29656786285553, 1, '031-253-4313', 'N', NULL, NULL, NULL, NULL),
	(989, 'M동물의료센터', '서울특별시 서초구 사임당로 78 유미원', '서울특별시 서초구 서초동 1628-11 유미원', 127.01839990762183, 37.48928004468753, 2, '02-588-7511', 'N', NULL, NULL, NULL, NULL),
	(990, '교대동물병원', '서울특별시 서초구 서초대로 325 영문빌딩', '서울특별시 서초구 서초동 1690-2 영문빌딩', 127.01705481765482, 37.49495794273328, 2, '02-596-1175', 'N', NULL, NULL, NULL, NULL),
	(991, '에이원동물병원', '서울특별시 서초구 반포대로 89 유민빌딩', '서울특별시 서초구 서초동 1538-9 유민빌딩', 127.00910680022851, 37.488143874222494, 2, '02-521-8181', 'N', NULL, NULL, NULL, NULL),
	(992, '다스림양한방동물병원', '서울특별시 서초구 효령로 347 서광빌딩', '서울특별시 서초구 서초동 1605-5 서광빌딩', 127.02201196910191, 37.48687535203538, 2, '02-3474-7582', 'N', NULL, NULL, NULL, NULL);
/*!40000 ALTER TABLE `hos_basic` ENABLE KEYS */;

-- 테이블 myvet.hos_block 구조 내보내기
CREATE TABLE IF NOT EXISTS `hos_block` (
  `block_code` int(11) NOT NULL AUTO_INCREMENT,
  `hos_code` int(11) DEFAULT NULL,
  `block_day` date DEFAULT NULL,
  `block_no` int(11) DEFAULT NULL,
  `block_start` time DEFAULT NULL,
  `block_end` time DEFAULT NULL,
  `facility_no` int(11) DEFAULT NULL,
  `max_booking` int(11) DEFAULT NULL,
  PRIMARY KEY (`block_code`)
) ENGINE=InnoDB AUTO_INCREMENT=3157 DEFAULT CHARSET=utf8mb4 COLLATE=utf8mb4_unicode_ci;

-- 테이블 데이터 myvet.hos_block:~1,024 rows (대략적) 내보내기
/*!40000 ALTER TABLE `hos_block` DISABLE KEYS */;
INSERT INTO `hos_block` (`block_code`, `hos_code`, `block_day`, `block_no`, `block_start`, `block_end`, `facility_no`, `max_booking`) VALUES
	(2133, 898, '2018-12-24', 1, '09:00:00', '09:30:00', 1, 5),
	(2134, 898, '2018-12-24', 2, '09:30:00', '10:00:00', 1, 5),
	(2135, 898, '2018-12-24', 3, '10:00:00', '10:30:00', 1, 5),
	(2136, 898, '2018-12-24', 4, '10:30:00', '11:00:00', 1, 5),
	(2137, 898, '2018-12-24', 5, '11:00:00', '11:30:00', 1, 5),
	(2138, 898, '2018-12-24', 6, '11:30:00', '12:00:00', 1, 5),
	(2139, 898, '2018-12-24', 7, '12:00:00', '12:30:00', 1, 5),
	(2140, 898, '2018-12-24', 8, '12:30:00', '13:00:00', 1, 5),
	(2141, 898, '2018-12-24', 9, '14:00:00', '14:30:00', 1, 5),
	(2142, 898, '2018-12-24', 10, '14:30:00', '15:00:00', 1, 5),
	(2143, 898, '2018-12-24', 11, '15:00:00', '15:30:00', 1, 5),
	(2144, 898, '2018-12-24', 12, '15:30:00', '16:00:00', 1, 5),
	(2145, 898, '2018-12-24', 13, '16:00:00', '16:30:00', 1, 5),
	(2146, 898, '2018-12-24', 14, '16:30:00', '17:00:00', 1, 5),
	(2147, 898, '2018-12-24', 15, '17:00:00', '17:30:00', 1, 5),
	(2148, 898, '2018-12-24', 16, '17:30:00', '18:00:00', 1, 5),
	(2149, 898, '2018-12-24', 17, '09:00:00', '09:30:00', 2, 5),
	(2150, 898, '2018-12-24', 18, '09:30:00', '10:00:00', 2, 5),
	(2151, 898, '2018-12-24', 19, '10:00:00', '10:30:00', 2, 5),
	(2152, 898, '2018-12-24', 20, '10:30:00', '11:00:00', 2, 5),
	(2153, 898, '2018-12-24', 21, '11:00:00', '11:30:00', 2, 5),
	(2154, 898, '2018-12-24', 22, '11:30:00', '12:00:00', 2, 5),
	(2155, 898, '2018-12-24', 23, '12:00:00', '12:30:00', 2, 5),
	(2156, 898, '2018-12-24', 24, '12:30:00', '13:00:00', 2, 5),
	(2157, 898, '2018-12-24', 25, '14:00:00', '14:30:00', 2, 5),
	(2158, 898, '2018-12-24', 26, '14:30:00', '15:00:00', 2, 5),
	(2159, 898, '2018-12-24', 27, '15:00:00', '15:30:00', 2, 5),
	(2160, 898, '2018-12-24', 28, '15:30:00', '16:00:00', 2, 5),
	(2161, 898, '2018-12-24', 29, '16:00:00', '16:30:00', 2, 5),
	(2162, 898, '2018-12-24', 30, '16:30:00', '17:00:00', 2, 5),
	(2163, 898, '2018-12-24', 31, '17:00:00', '17:30:00', 2, 5),
	(2164, 898, '2018-12-24', 32, '17:30:00', '18:00:00', 2, 5),
	(2165, 898, '2018-12-25', 33, '09:00:00', '09:30:00', 1, 5),
	(2166, 898, '2018-12-25', 34, '09:30:00', '10:00:00', 1, 5),
	(2167, 898, '2018-12-25', 35, '10:00:00', '10:30:00', 1, 5),
	(2168, 898, '2018-12-25', 36, '10:30:00', '11:00:00', 1, 5),
	(2169, 898, '2018-12-25', 37, '11:00:00', '11:30:00', 1, 5),
	(2170, 898, '2018-12-25', 38, '11:30:00', '12:00:00', 1, 5),
	(2171, 898, '2018-12-25', 39, '12:00:00', '12:30:00', 1, 5),
	(2172, 898, '2018-12-25', 40, '12:30:00', '13:00:00', 1, 5),
	(2173, 898, '2018-12-25', 41, '14:00:00', '14:30:00', 1, 5),
	(2174, 898, '2018-12-25', 42, '14:30:00', '15:00:00', 1, 5),
	(2175, 898, '2018-12-25', 43, '15:00:00', '15:30:00', 1, 5),
	(2176, 898, '2018-12-25', 44, '15:30:00', '16:00:00', 1, 5),
	(2177, 898, '2018-12-25', 45, '16:00:00', '16:30:00', 1, 5),
	(2178, 898, '2018-12-25', 46, '16:30:00', '17:00:00', 1, 5),
	(2179, 898, '2018-12-25', 47, '17:00:00', '17:30:00', 1, 5),
	(2180, 898, '2018-12-25', 48, '17:30:00', '18:00:00', 1, 5),
	(2181, 898, '2018-12-25', 49, '09:00:00', '09:30:00', 2, 5),
	(2182, 898, '2018-12-25', 50, '09:30:00', '10:00:00', 2, 5),
	(2183, 898, '2018-12-25', 51, '10:00:00', '10:30:00', 2, 5),
	(2184, 898, '2018-12-25', 52, '10:30:00', '11:00:00', 2, 5),
	(2185, 898, '2018-12-25', 53, '11:00:00', '11:30:00', 2, 5),
	(2186, 898, '2018-12-25', 54, '11:30:00', '12:00:00', 2, 5),
	(2187, 898, '2018-12-25', 55, '12:00:00', '12:30:00', 2, 5),
	(2188, 898, '2018-12-25', 56, '12:30:00', '13:00:00', 2, 5),
	(2189, 898, '2018-12-25', 57, '14:00:00', '14:30:00', 2, 5),
	(2190, 898, '2018-12-25', 58, '14:30:00', '15:00:00', 2, 5),
	(2191, 898, '2018-12-25', 59, '15:00:00', '15:30:00', 2, 5),
	(2192, 898, '2018-12-25', 60, '15:30:00', '16:00:00', 2, 5),
	(2193, 898, '2018-12-25', 61, '16:00:00', '16:30:00', 2, 5),
	(2194, 898, '2018-12-25', 62, '16:30:00', '17:00:00', 2, 5),
	(2195, 898, '2018-12-25', 63, '17:00:00', '17:30:00', 2, 5),
	(2196, 898, '2018-12-25', 64, '17:30:00', '18:00:00', 2, 5),
	(2197, 898, '2018-12-26', 65, '09:00:00', '09:30:00', 1, 5),
	(2198, 898, '2018-12-26', 66, '09:30:00', '10:00:00', 1, 5),
	(2199, 898, '2018-12-26', 67, '10:00:00', '10:30:00', 1, 5),
	(2200, 898, '2018-12-26', 68, '10:30:00', '11:00:00', 1, 5),
	(2201, 898, '2018-12-26', 69, '11:00:00', '11:30:00', 1, 5),
	(2202, 898, '2018-12-26', 70, '11:30:00', '12:00:00', 1, 5),
	(2203, 898, '2018-12-26', 71, '12:00:00', '12:30:00', 1, 5),
	(2204, 898, '2018-12-26', 72, '12:30:00', '13:00:00', 1, 5),
	(2205, 898, '2018-12-26', 73, '14:00:00', '14:30:00', 1, 5),
	(2206, 898, '2018-12-26', 74, '14:30:00', '15:00:00', 1, 5),
	(2207, 898, '2018-12-26', 75, '15:00:00', '15:30:00', 1, 5),
	(2208, 898, '2018-12-26', 76, '15:30:00', '16:00:00', 1, 5),
	(2209, 898, '2018-12-26', 77, '16:00:00', '16:30:00', 1, 5),
	(2210, 898, '2018-12-26', 78, '16:30:00', '17:00:00', 1, 5),
	(2211, 898, '2018-12-26', 79, '17:00:00', '17:30:00', 1, 5),
	(2212, 898, '2018-12-26', 80, '17:30:00', '18:00:00', 1, 5),
	(2213, 898, '2018-12-26', 81, '09:00:00', '09:30:00', 2, 5),
	(2214, 898, '2018-12-26', 82, '09:30:00', '10:00:00', 2, 5),
	(2215, 898, '2018-12-26', 83, '10:00:00', '10:30:00', 2, 5),
	(2216, 898, '2018-12-26', 84, '10:30:00', '11:00:00', 2, 5),
	(2217, 898, '2018-12-26', 85, '11:00:00', '11:30:00', 2, 5),
	(2218, 898, '2018-12-26', 86, '11:30:00', '12:00:00', 2, 5),
	(2219, 898, '2018-12-26', 87, '12:00:00', '12:30:00', 2, 5),
	(2220, 898, '2018-12-26', 88, '12:30:00', '13:00:00', 2, 5),
	(2221, 898, '2018-12-26', 89, '14:00:00', '14:30:00', 2, 5),
	(2222, 898, '2018-12-26', 90, '14:30:00', '15:00:00', 2, 5),
	(2223, 898, '2018-12-26', 91, '15:00:00', '15:30:00', 2, 5),
	(2224, 898, '2018-12-26', 92, '15:30:00', '16:00:00', 2, 5),
	(2225, 898, '2018-12-26', 93, '16:00:00', '16:30:00', 2, 5),
	(2226, 898, '2018-12-26', 94, '16:30:00', '17:00:00', 2, 5),
	(2227, 898, '2018-12-26', 95, '17:00:00', '17:30:00', 2, 5),
	(2228, 898, '2018-12-26', 96, '17:30:00', '18:00:00', 2, 5),
	(2229, 898, '2018-12-27', 97, '09:00:00', '09:30:00', 1, 5),
	(2230, 898, '2018-12-27', 98, '09:30:00', '10:00:00', 1, 5),
	(2231, 898, '2018-12-27', 99, '10:00:00', '10:30:00', 1, 5),
	(2232, 898, '2018-12-27', 100, '10:30:00', '11:00:00', 1, 5),
	(2233, 898, '2018-12-27', 101, '11:00:00', '11:30:00', 1, 5),
	(2234, 898, '2018-12-27', 102, '11:30:00', '12:00:00', 1, 5),
	(2235, 898, '2018-12-27', 103, '12:00:00', '12:30:00', 1, 5),
	(2236, 898, '2018-12-27', 104, '12:30:00', '13:00:00', 1, 5),
	(2237, 898, '2018-12-27', 105, '14:00:00', '14:30:00', 1, 5),
	(2238, 898, '2018-12-27', 106, '14:30:00', '15:00:00', 1, 5),
	(2239, 898, '2018-12-27', 107, '15:00:00', '15:30:00', 1, 5),
	(2240, 898, '2018-12-27', 108, '15:30:00', '16:00:00', 1, 5),
	(2241, 898, '2018-12-27', 109, '16:00:00', '16:30:00', 1, 5),
	(2242, 898, '2018-12-27', 110, '16:30:00', '17:00:00', 1, 5),
	(2243, 898, '2018-12-27', 111, '17:00:00', '17:30:00', 1, 5),
	(2244, 898, '2018-12-27', 112, '17:30:00', '18:00:00', 1, 5),
	(2245, 898, '2018-12-27', 113, '09:00:00', '09:30:00', 2, 5),
	(2246, 898, '2018-12-27', 114, '09:30:00', '10:00:00', 2, 5),
	(2247, 898, '2018-12-27', 115, '10:00:00', '10:30:00', 2, 5),
	(2248, 898, '2018-12-27', 116, '10:30:00', '11:00:00', 2, 5),
	(2249, 898, '2018-12-27', 117, '11:00:00', '11:30:00', 2, 5),
	(2250, 898, '2018-12-27', 118, '11:30:00', '12:00:00', 2, 5),
	(2251, 898, '2018-12-27', 119, '12:00:00', '12:30:00', 2, 5),
	(2252, 898, '2018-12-27', 120, '12:30:00', '13:00:00', 2, 5),
	(2253, 898, '2018-12-27', 121, '14:00:00', '14:30:00', 2, 5),
	(2254, 898, '2018-12-27', 122, '14:30:00', '15:00:00', 2, 5),
	(2255, 898, '2018-12-27', 123, '15:00:00', '15:30:00', 2, 5),
	(2256, 898, '2018-12-27', 124, '15:30:00', '16:00:00', 2, 5),
	(2257, 898, '2018-12-27', 125, '16:00:00', '16:30:00', 2, 5),
	(2258, 898, '2018-12-27', 126, '16:30:00', '17:00:00', 2, 5),
	(2259, 898, '2018-12-27', 127, '17:00:00', '17:30:00', 2, 5),
	(2260, 898, '2018-12-27', 128, '17:30:00', '18:00:00', 2, 5),
	(2261, 898, '2018-12-28', 129, '09:00:00', '09:30:00', 1, 5),
	(2262, 898, '2018-12-28', 130, '09:30:00', '10:00:00', 1, 5),
	(2263, 898, '2018-12-28', 131, '10:00:00', '10:30:00', 1, 5),
	(2264, 898, '2018-12-28', 132, '10:30:00', '11:00:00', 1, 5),
	(2265, 898, '2018-12-28', 133, '11:00:00', '11:30:00', 1, 5),
	(2266, 898, '2018-12-28', 134, '11:30:00', '12:00:00', 1, 5),
	(2267, 898, '2018-12-28', 135, '12:00:00', '12:30:00', 1, 5),
	(2268, 898, '2018-12-28', 136, '12:30:00', '13:00:00', 1, 5),
	(2269, 898, '2018-12-28', 137, '14:00:00', '14:30:00', 1, 5),
	(2270, 898, '2018-12-28', 138, '14:30:00', '15:00:00', 1, 5),
	(2271, 898, '2018-12-28', 139, '15:00:00', '15:30:00', 1, 5),
	(2272, 898, '2018-12-28', 140, '15:30:00', '16:00:00', 1, 5),
	(2273, 898, '2018-12-28', 141, '16:00:00', '16:30:00', 1, 5),
	(2274, 898, '2018-12-28', 142, '16:30:00', '17:00:00', 1, 5),
	(2275, 898, '2018-12-28', 143, '17:00:00', '17:30:00', 1, 5),
	(2276, 898, '2018-12-28', 144, '17:30:00', '18:00:00', 1, 5),
	(2277, 898, '2018-12-28', 145, '09:00:00', '09:30:00', 2, 5),
	(2278, 898, '2018-12-28', 146, '09:30:00', '10:00:00', 2, 5),
	(2279, 898, '2018-12-28', 147, '10:00:00', '10:30:00', 2, 5),
	(2280, 898, '2018-12-28', 148, '10:30:00', '11:00:00', 2, 5),
	(2281, 898, '2018-12-28', 149, '11:00:00', '11:30:00', 2, 5),
	(2282, 898, '2018-12-28', 150, '11:30:00', '12:00:00', 2, 5),
	(2283, 898, '2018-12-28', 151, '12:00:00', '12:30:00', 2, 5),
	(2284, 898, '2018-12-28', 152, '12:30:00', '13:00:00', 2, 5),
	(2285, 898, '2018-12-28', 153, '14:00:00', '14:30:00', 2, 5),
	(2286, 898, '2018-12-28', 154, '14:30:00', '15:00:00', 2, 5),
	(2287, 898, '2018-12-28', 155, '15:00:00', '15:30:00', 2, 5),
	(2288, 898, '2018-12-28', 156, '15:30:00', '16:00:00', 2, 5),
	(2289, 898, '2018-12-28', 157, '16:00:00', '16:30:00', 2, 5),
	(2290, 898, '2018-12-28', 158, '16:30:00', '17:00:00', 2, 5),
	(2291, 898, '2018-12-28', 159, '17:00:00', '17:30:00', 2, 5),
	(2292, 898, '2018-12-28', 160, '17:30:00', '18:00:00', 2, 5),
	(2293, 908, '2018-12-17', 1, '09:00:00', '10:00:00', 1, 5),
	(2294, 908, '2018-12-17', 2, '10:00:00', '11:00:00', 1, 5),
	(2295, 908, '2018-12-17', 3, '11:00:00', '12:00:00', 1, 5),
	(2296, 908, '2018-12-17', 4, '12:00:00', '13:00:00', 1, 5),
	(2297, 908, '2018-12-17', 5, '14:00:00', '15:00:00', 1, 5),
	(2298, 908, '2018-12-17', 6, '15:00:00', '16:00:00', 1, 5),
	(2299, 908, '2018-12-17', 7, '16:00:00', '17:00:00', 1, 5),
	(2300, 908, '2018-12-17', 8, '17:00:00', '18:00:00', 1, 5),
	(2301, 908, '2018-12-17', 9, '09:00:00', '10:00:00', 2, 5),
	(2302, 908, '2018-12-17', 10, '10:00:00', '11:00:00', 2, 5),
	(2303, 908, '2018-12-17', 11, '11:00:00', '12:00:00', 2, 5),
	(2304, 908, '2018-12-17', 12, '12:00:00', '13:00:00', 2, 5),
	(2305, 908, '2018-12-17', 13, '14:00:00', '15:00:00', 2, 5),
	(2306, 908, '2018-12-17', 14, '15:00:00', '16:00:00', 2, 5),
	(2307, 908, '2018-12-17', 15, '16:00:00', '17:00:00', 2, 5),
	(2308, 908, '2018-12-17', 16, '17:00:00', '18:00:00', 2, 5),
	(2309, 908, '2018-12-18', 17, '09:00:00', '10:00:00', 1, 5),
	(2310, 908, '2018-12-18', 18, '10:00:00', '11:00:00', 1, 5),
	(2311, 908, '2018-12-18', 19, '11:00:00', '12:00:00', 1, 5),
	(2312, 908, '2018-12-18', 20, '12:00:00', '13:00:00', 1, 5),
	(2313, 908, '2018-12-18', 21, '14:00:00', '15:00:00', 1, 5),
	(2314, 908, '2018-12-18', 22, '15:00:00', '16:00:00', 1, 5),
	(2315, 908, '2018-12-18', 23, '16:00:00', '17:00:00', 1, 5),
	(2316, 908, '2018-12-18', 24, '17:00:00', '18:00:00', 1, 5),
	(2317, 908, '2018-12-18', 25, '09:00:00', '10:00:00', 2, 5),
	(2318, 908, '2018-12-18', 26, '10:00:00', '11:00:00', 2, 5),
	(2319, 908, '2018-12-18', 27, '11:00:00', '12:00:00', 2, 5),
	(2320, 908, '2018-12-18', 28, '12:00:00', '13:00:00', 2, 5),
	(2321, 908, '2018-12-18', 29, '14:00:00', '15:00:00', 2, 5),
	(2322, 908, '2018-12-18', 30, '15:00:00', '16:00:00', 2, 5),
	(2323, 908, '2018-12-18', 31, '16:00:00', '17:00:00', 2, 5),
	(2324, 908, '2018-12-18', 32, '17:00:00', '18:00:00', 2, 5),
	(2325, 908, '2018-12-19', 33, '09:00:00', '10:00:00', 1, 5),
	(2326, 908, '2018-12-19', 34, '10:00:00', '11:00:00', 1, 5),
	(2327, 908, '2018-12-19', 35, '11:00:00', '12:00:00', 1, 5),
	(2328, 908, '2018-12-19', 36, '12:00:00', '13:00:00', 1, 5),
	(2329, 908, '2018-12-19', 37, '14:00:00', '15:00:00', 1, 5),
	(2330, 908, '2018-12-19', 38, '15:00:00', '16:00:00', 1, 5),
	(2331, 908, '2018-12-19', 39, '16:00:00', '17:00:00', 1, 5),
	(2332, 908, '2018-12-19', 40, '17:00:00', '18:00:00', 1, 5),
	(2333, 908, '2018-12-19', 41, '09:00:00', '10:00:00', 2, 5),
	(2334, 908, '2018-12-19', 42, '10:00:00', '11:00:00', 2, 5),
	(2335, 908, '2018-12-19', 43, '11:00:00', '12:00:00', 2, 5),
	(2336, 908, '2018-12-19', 44, '12:00:00', '13:00:00', 2, 5),
	(2337, 908, '2018-12-19', 45, '14:00:00', '15:00:00', 2, 5),
	(2338, 908, '2018-12-19', 46, '15:00:00', '16:00:00', 2, 5),
	(2339, 908, '2018-12-19', 47, '16:00:00', '17:00:00', 2, 5),
	(2340, 908, '2018-12-19', 48, '17:00:00', '18:00:00', 2, 5),
	(2341, 908, '2018-12-20', 49, '09:00:00', '10:00:00', 1, 5),
	(2342, 908, '2018-12-20', 50, '10:00:00', '11:00:00', 1, 5),
	(2343, 908, '2018-12-20', 51, '11:00:00', '12:00:00', 1, 5),
	(2344, 908, '2018-12-20', 52, '12:00:00', '13:00:00', 1, 5),
	(2345, 908, '2018-12-20', 53, '14:00:00', '15:00:00', 1, 5),
	(2346, 908, '2018-12-20', 54, '15:00:00', '16:00:00', 1, 5),
	(2347, 908, '2018-12-20', 55, '16:00:00', '17:00:00', 1, 5),
	(2348, 908, '2018-12-20', 56, '17:00:00', '18:00:00', 1, 5),
	(2349, 908, '2018-12-20', 57, '09:00:00', '10:00:00', 2, 5),
	(2350, 908, '2018-12-20', 58, '10:00:00', '11:00:00', 2, 5),
	(2351, 908, '2018-12-20', 59, '11:00:00', '12:00:00', 2, 5),
	(2352, 908, '2018-12-20', 60, '12:00:00', '13:00:00', 2, 5),
	(2353, 908, '2018-12-20', 61, '14:00:00', '15:00:00', 2, 5),
	(2354, 908, '2018-12-20', 62, '15:00:00', '16:00:00', 2, 5),
	(2355, 908, '2018-12-20', 63, '16:00:00', '17:00:00', 2, 5),
	(2356, 908, '2018-12-20', 64, '17:00:00', '18:00:00', 2, 5),
	(2357, 908, '2018-12-21', 65, '09:00:00', '10:00:00', 1, 5),
	(2358, 908, '2018-12-21', 66, '10:00:00', '11:00:00', 1, 5),
	(2359, 908, '2018-12-21', 67, '11:00:00', '12:00:00', 1, 5),
	(2360, 908, '2018-12-21', 68, '12:00:00', '13:00:00', 1, 5),
	(2361, 908, '2018-12-21', 69, '14:00:00', '15:00:00', 1, 5),
	(2362, 908, '2018-12-21', 70, '15:00:00', '16:00:00', 1, 5),
	(2363, 908, '2018-12-21', 71, '16:00:00', '17:00:00', 1, 5),
	(2364, 908, '2018-12-21', 72, '17:00:00', '18:00:00', 1, 5),
	(2365, 908, '2018-12-21', 73, '09:00:00', '10:00:00', 2, 5),
	(2366, 908, '2018-12-21', 74, '10:00:00', '11:00:00', 2, 5),
	(2367, 908, '2018-12-21', 75, '11:00:00', '12:00:00', 2, 5),
	(2368, 908, '2018-12-21', 76, '12:00:00', '13:00:00', 2, 5),
	(2369, 908, '2018-12-21', 77, '14:00:00', '15:00:00', 2, 5),
	(2370, 908, '2018-12-21', 78, '15:00:00', '16:00:00', 2, 5),
	(2371, 908, '2018-12-21', 79, '16:00:00', '17:00:00', 2, 5),
	(2372, 908, '2018-12-21', 80, '17:00:00', '18:00:00', 2, 5),
	(2373, 908, '2018-12-24', 81, '09:00:00', '10:00:00', 1, 5),
	(2374, 908, '2018-12-24', 82, '10:00:00', '11:00:00', 1, 5),
	(2375, 908, '2018-12-24', 83, '11:00:00', '12:00:00', 1, 5),
	(2376, 908, '2018-12-24', 84, '12:00:00', '13:00:00', 1, 5),
	(2377, 908, '2018-12-24', 85, '14:00:00', '15:00:00', 1, 5),
	(2378, 908, '2018-12-24', 86, '15:00:00', '16:00:00', 1, 5),
	(2379, 908, '2018-12-24', 87, '16:00:00', '17:00:00', 1, 5),
	(2380, 908, '2018-12-24', 88, '17:00:00', '18:00:00', 1, 5),
	(2381, 908, '2018-12-24', 89, '09:00:00', '10:00:00', 2, 5),
	(2382, 908, '2018-12-24', 90, '10:00:00', '11:00:00', 2, 5),
	(2383, 908, '2018-12-24', 91, '11:00:00', '12:00:00', 2, 5),
	(2384, 908, '2018-12-24', 92, '12:00:00', '13:00:00', 2, 5),
	(2385, 908, '2018-12-24', 93, '14:00:00', '15:00:00', 2, 5),
	(2386, 908, '2018-12-24', 94, '15:00:00', '16:00:00', 2, 5),
	(2387, 908, '2018-12-24', 95, '16:00:00', '17:00:00', 2, 5),
	(2388, 908, '2018-12-24', 96, '17:00:00', '18:00:00', 2, 5),
	(2389, 908, '2018-12-25', 97, '09:00:00', '10:00:00', 1, 5),
	(2390, 908, '2018-12-25', 98, '10:00:00', '11:00:00', 1, 5),
	(2391, 908, '2018-12-25', 99, '11:00:00', '12:00:00', 1, 5),
	(2392, 908, '2018-12-25', 100, '12:00:00', '13:00:00', 1, 5),
	(2393, 908, '2018-12-25', 101, '14:00:00', '15:00:00', 1, 5),
	(2394, 908, '2018-12-25', 102, '15:00:00', '16:00:00', 1, 5),
	(2395, 908, '2018-12-25', 103, '16:00:00', '17:00:00', 1, 5),
	(2396, 908, '2018-12-25', 104, '17:00:00', '18:00:00', 1, 5),
	(2397, 908, '2018-12-25', 105, '09:00:00', '10:00:00', 2, 5),
	(2398, 908, '2018-12-25', 106, '10:00:00', '11:00:00', 2, 5),
	(2399, 908, '2018-12-25', 107, '11:00:00', '12:00:00', 2, 5),
	(2400, 908, '2018-12-25', 108, '12:00:00', '13:00:00', 2, 5),
	(2401, 908, '2018-12-25', 109, '14:00:00', '15:00:00', 2, 5),
	(2402, 908, '2018-12-25', 110, '15:00:00', '16:00:00', 2, 5),
	(2403, 908, '2018-12-25', 111, '16:00:00', '17:00:00', 2, 5),
	(2404, 908, '2018-12-25', 112, '17:00:00', '18:00:00', 2, 5),
	(2405, 908, '2018-12-26', 113, '09:00:00', '10:00:00', 1, 5),
	(2406, 908, '2018-12-26', 114, '10:00:00', '11:00:00', 1, 5),
	(2407, 908, '2018-12-26', 115, '11:00:00', '12:00:00', 1, 5),
	(2408, 908, '2018-12-26', 116, '12:00:00', '13:00:00', 1, 5),
	(2409, 908, '2018-12-26', 117, '14:00:00', '15:00:00', 1, 5),
	(2410, 908, '2018-12-26', 118, '15:00:00', '16:00:00', 1, 5),
	(2411, 908, '2018-12-26', 119, '16:00:00', '17:00:00', 1, 5),
	(2412, 908, '2018-12-26', 120, '17:00:00', '18:00:00', 1, 5),
	(2413, 908, '2018-12-26', 121, '09:00:00', '10:00:00', 2, 5),
	(2414, 908, '2018-12-26', 122, '10:00:00', '11:00:00', 2, 5),
	(2415, 908, '2018-12-26', 123, '11:00:00', '12:00:00', 2, 5),
	(2416, 908, '2018-12-26', 124, '12:00:00', '13:00:00', 2, 5),
	(2417, 908, '2018-12-26', 125, '14:00:00', '15:00:00', 2, 5),
	(2418, 908, '2018-12-26', 126, '15:00:00', '16:00:00', 2, 5),
	(2419, 908, '2018-12-26', 127, '16:00:00', '17:00:00', 2, 5),
	(2420, 908, '2018-12-26', 128, '17:00:00', '18:00:00', 2, 5),
	(2421, 908, '2018-12-27', 129, '09:00:00', '10:00:00', 1, 5),
	(2422, 908, '2018-12-27', 130, '10:00:00', '11:00:00', 1, 5),
	(2423, 908, '2018-12-27', 131, '11:00:00', '12:00:00', 1, 5),
	(2424, 908, '2018-12-27', 132, '12:00:00', '13:00:00', 1, 5),
	(2425, 908, '2018-12-27', 133, '14:00:00', '15:00:00', 1, 5),
	(2426, 908, '2018-12-27', 134, '15:00:00', '16:00:00', 1, 5),
	(2427, 908, '2018-12-27', 135, '16:00:00', '17:00:00', 1, 5),
	(2428, 908, '2018-12-27', 136, '17:00:00', '18:00:00', 1, 5),
	(2429, 908, '2018-12-27', 137, '09:00:00', '10:00:00', 2, 5),
	(2430, 908, '2018-12-27', 138, '10:00:00', '11:00:00', 2, 5),
	(2431, 908, '2018-12-27', 139, '11:00:00', '12:00:00', 2, 5),
	(2432, 908, '2018-12-27', 140, '12:00:00', '13:00:00', 2, 5),
	(2433, 908, '2018-12-27', 141, '14:00:00', '15:00:00', 2, 5),
	(2434, 908, '2018-12-27', 142, '15:00:00', '16:00:00', 2, 5),
	(2435, 908, '2018-12-27', 143, '16:00:00', '17:00:00', 2, 5),
	(2436, 908, '2018-12-27', 144, '17:00:00', '18:00:00', 2, 5),
	(2437, 908, '2018-12-28', 145, '09:00:00', '10:00:00', 1, 5),
	(2438, 908, '2018-12-28', 146, '10:00:00', '11:00:00', 1, 5),
	(2439, 908, '2018-12-28', 147, '11:00:00', '12:00:00', 1, 5),
	(2440, 908, '2018-12-28', 148, '12:00:00', '13:00:00', 1, 5),
	(2441, 908, '2018-12-28', 149, '14:00:00', '15:00:00', 1, 5),
	(2442, 908, '2018-12-28', 150, '15:00:00', '16:00:00', 1, 5),
	(2443, 908, '2018-12-28', 151, '16:00:00', '17:00:00', 1, 5),
	(2444, 908, '2018-12-28', 152, '17:00:00', '18:00:00', 1, 5),
	(2445, 908, '2018-12-28', 153, '09:00:00', '10:00:00', 2, 5),
	(2446, 908, '2018-12-28', 154, '10:00:00', '11:00:00', 2, 5),
	(2447, 908, '2018-12-28', 155, '11:00:00', '12:00:00', 2, 5),
	(2448, 908, '2018-12-28', 156, '12:00:00', '13:00:00', 2, 5),
	(2449, 908, '2018-12-28', 157, '14:00:00', '15:00:00', 2, 5),
	(2450, 908, '2018-12-28', 158, '15:00:00', '16:00:00', 2, 5),
	(2451, 908, '2018-12-28', 159, '16:00:00', '17:00:00', 2, 5),
	(2452, 908, '2018-12-28', 160, '17:00:00', '18:00:00', 2, 5),
	(2453, 0, '2018-12-24', 1, '09:00:00', '09:30:00', 1, 5),
	(2454, 0, '2018-12-24', 2, '09:30:00', '10:00:00', 1, 5),
	(2455, 0, '2018-12-24', 3, '10:00:00', '10:30:00', 1, 5),
	(2456, 0, '2018-12-24', 4, '10:30:00', '11:00:00', 1, 5),
	(2457, 0, '2018-12-24', 5, '11:00:00', '11:30:00', 1, 5),
	(2458, 0, '2018-12-24', 6, '11:30:00', '12:00:00', 1, 5),
	(2459, 0, '2018-12-24', 7, '12:00:00', '12:30:00', 1, 5),
	(2460, 0, '2018-12-24', 8, '12:30:00', '13:00:00', 1, 5),
	(2461, 0, '2018-12-24', 9, '14:00:00', '14:30:00', 1, 5),
	(2462, 0, '2018-12-24', 10, '14:30:00', '15:00:00', 1, 5),
	(2463, 0, '2018-12-24', 11, '15:00:00', '15:30:00', 1, 5),
	(2464, 0, '2018-12-24', 12, '15:30:00', '16:00:00', 1, 5),
	(2465, 0, '2018-12-24', 13, '16:00:00', '16:30:00', 1, 5),
	(2466, 0, '2018-12-24', 14, '16:30:00', '17:00:00', 1, 5),
	(2467, 0, '2018-12-24', 15, '17:00:00', '17:30:00', 1, 5),
	(2468, 0, '2018-12-24', 16, '17:30:00', '18:00:00', 1, 5),
	(2469, 0, '2018-12-24', 17, '09:00:00', '09:30:00', 2, 5),
	(2470, 0, '2018-12-24', 18, '09:30:00', '10:00:00', 2, 5),
	(2471, 0, '2018-12-24', 19, '10:00:00', '10:30:00', 2, 5),
	(2472, 0, '2018-12-24', 20, '10:30:00', '11:00:00', 2, 5),
	(2473, 0, '2018-12-24', 21, '11:00:00', '11:30:00', 2, 5),
	(2474, 0, '2018-12-24', 22, '11:30:00', '12:00:00', 2, 5),
	(2475, 0, '2018-12-24', 23, '12:00:00', '12:30:00', 2, 5),
	(2476, 0, '2018-12-24', 24, '12:30:00', '13:00:00', 2, 5),
	(2477, 0, '2018-12-24', 25, '14:00:00', '14:30:00', 2, 5),
	(2478, 0, '2018-12-24', 26, '14:30:00', '15:00:00', 2, 5),
	(2479, 0, '2018-12-24', 27, '15:00:00', '15:30:00', 2, 5),
	(2480, 0, '2018-12-24', 28, '15:30:00', '16:00:00', 2, 5),
	(2481, 0, '2018-12-24', 29, '16:00:00', '16:30:00', 2, 5),
	(2482, 0, '2018-12-24', 30, '16:30:00', '17:00:00', 2, 5),
	(2483, 0, '2018-12-24', 31, '17:00:00', '17:30:00', 2, 5),
	(2484, 0, '2018-12-24', 32, '17:30:00', '18:00:00', 2, 5),
	(2485, 0, '2018-12-25', 33, '09:00:00', '09:30:00', 1, 5),
	(2486, 0, '2018-12-25', 34, '09:30:00', '10:00:00', 1, 5),
	(2487, 0, '2018-12-25', 35, '10:00:00', '10:30:00', 1, 5),
	(2488, 0, '2018-12-25', 36, '10:30:00', '11:00:00', 1, 5),
	(2489, 0, '2018-12-25', 37, '11:00:00', '11:30:00', 1, 5),
	(2490, 0, '2018-12-25', 38, '11:30:00', '12:00:00', 1, 5),
	(2491, 0, '2018-12-25', 39, '12:00:00', '12:30:00', 1, 5),
	(2492, 0, '2018-12-25', 40, '12:30:00', '13:00:00', 1, 5),
	(2493, 0, '2018-12-25', 41, '14:00:00', '14:30:00', 1, 5),
	(2494, 0, '2018-12-25', 42, '14:30:00', '15:00:00', 1, 5),
	(2495, 0, '2018-12-25', 43, '15:00:00', '15:30:00', 1, 5),
	(2496, 0, '2018-12-25', 44, '15:30:00', '16:00:00', 1, 5),
	(2497, 0, '2018-12-25', 45, '16:00:00', '16:30:00', 1, 5),
	(2498, 0, '2018-12-25', 46, '16:30:00', '17:00:00', 1, 5),
	(2499, 0, '2018-12-25', 47, '17:00:00', '17:30:00', 1, 5),
	(2500, 0, '2018-12-25', 48, '17:30:00', '18:00:00', 1, 5),
	(2501, 0, '2018-12-25', 49, '09:00:00', '09:30:00', 2, 5),
	(2502, 0, '2018-12-25', 50, '09:30:00', '10:00:00', 2, 5),
	(2503, 0, '2018-12-25', 51, '10:00:00', '10:30:00', 2, 5),
	(2504, 0, '2018-12-25', 52, '10:30:00', '11:00:00', 2, 5),
	(2505, 0, '2018-12-25', 53, '11:00:00', '11:30:00', 2, 5),
	(2506, 0, '2018-12-25', 54, '11:30:00', '12:00:00', 2, 5),
	(2507, 0, '2018-12-25', 55, '12:00:00', '12:30:00', 2, 5),
	(2508, 0, '2018-12-25', 56, '12:30:00', '13:00:00', 2, 5),
	(2509, 0, '2018-12-25', 57, '14:00:00', '14:30:00', 2, 5),
	(2510, 0, '2018-12-25', 58, '14:30:00', '15:00:00', 2, 5),
	(2511, 0, '2018-12-25', 59, '15:00:00', '15:30:00', 2, 5),
	(2512, 0, '2018-12-25', 60, '15:30:00', '16:00:00', 2, 5),
	(2513, 0, '2018-12-25', 61, '16:00:00', '16:30:00', 2, 5),
	(2514, 0, '2018-12-25', 62, '16:30:00', '17:00:00', 2, 5),
	(2515, 0, '2018-12-25', 63, '17:00:00', '17:30:00', 2, 5),
	(2516, 0, '2018-12-25', 64, '17:30:00', '18:00:00', 2, 5),
	(2517, 0, '2018-12-26', 65, '09:00:00', '09:30:00', 1, 5),
	(2518, 0, '2018-12-26', 66, '09:30:00', '10:00:00', 1, 5),
	(2519, 0, '2018-12-26', 67, '10:00:00', '10:30:00', 1, 5),
	(2520, 0, '2018-12-26', 68, '10:30:00', '11:00:00', 1, 5),
	(2521, 0, '2018-12-26', 69, '11:00:00', '11:30:00', 1, 5),
	(2522, 0, '2018-12-26', 70, '11:30:00', '12:00:00', 1, 5),
	(2523, 0, '2018-12-26', 71, '12:00:00', '12:30:00', 1, 5),
	(2524, 0, '2018-12-26', 72, '12:30:00', '13:00:00', 1, 5),
	(2525, 0, '2018-12-26', 73, '14:00:00', '14:30:00', 1, 5),
	(2526, 0, '2018-12-26', 74, '14:30:00', '15:00:00', 1, 5),
	(2527, 0, '2018-12-26', 75, '15:00:00', '15:30:00', 1, 5),
	(2528, 0, '2018-12-26', 76, '15:30:00', '16:00:00', 1, 5),
	(2529, 0, '2018-12-26', 77, '16:00:00', '16:30:00', 1, 5),
	(2530, 0, '2018-12-26', 78, '16:30:00', '17:00:00', 1, 5),
	(2531, 0, '2018-12-26', 79, '17:00:00', '17:30:00', 1, 5),
	(2532, 0, '2018-12-26', 80, '17:30:00', '18:00:00', 1, 5),
	(2533, 0, '2018-12-26', 81, '09:00:00', '09:30:00', 2, 5),
	(2534, 0, '2018-12-26', 82, '09:30:00', '10:00:00', 2, 5),
	(2535, 0, '2018-12-26', 83, '10:00:00', '10:30:00', 2, 5),
	(2536, 0, '2018-12-26', 84, '10:30:00', '11:00:00', 2, 5),
	(2537, 0, '2018-12-26', 85, '11:00:00', '11:30:00', 2, 5),
	(2538, 0, '2018-12-26', 86, '11:30:00', '12:00:00', 2, 5),
	(2539, 0, '2018-12-26', 87, '12:00:00', '12:30:00', 2, 5),
	(2540, 0, '2018-12-26', 88, '12:30:00', '13:00:00', 2, 5),
	(2541, 0, '2018-12-26', 89, '14:00:00', '14:30:00', 2, 5),
	(2542, 0, '2018-12-26', 90, '14:30:00', '15:00:00', 2, 5),
	(2543, 0, '2018-12-26', 91, '15:00:00', '15:30:00', 2, 5),
	(2544, 0, '2018-12-26', 92, '15:30:00', '16:00:00', 2, 5),
	(2545, 0, '2018-12-26', 93, '16:00:00', '16:30:00', 2, 5),
	(2546, 0, '2018-12-26', 94, '16:30:00', '17:00:00', 2, 5),
	(2547, 0, '2018-12-26', 95, '17:00:00', '17:30:00', 2, 5),
	(2548, 0, '2018-12-26', 96, '17:30:00', '18:00:00', 2, 5),
	(2549, 0, '2018-12-27', 97, '09:00:00', '09:30:00', 1, 5),
	(2550, 0, '2018-12-27', 98, '09:30:00', '10:00:00', 1, 5),
	(2551, 0, '2018-12-27', 99, '10:00:00', '10:30:00', 1, 5),
	(2552, 0, '2018-12-27', 100, '10:30:00', '11:00:00', 1, 5),
	(2553, 0, '2018-12-27', 101, '11:00:00', '11:30:00', 1, 5),
	(2554, 0, '2018-12-27', 102, '11:30:00', '12:00:00', 1, 5),
	(2555, 0, '2018-12-27', 103, '12:00:00', '12:30:00', 1, 5),
	(2556, 0, '2018-12-27', 104, '12:30:00', '13:00:00', 1, 5),
	(2557, 0, '2018-12-27', 105, '14:00:00', '14:30:00', 1, 5),
	(2558, 0, '2018-12-27', 106, '14:30:00', '15:00:00', 1, 5),
	(2559, 0, '2018-12-27', 107, '15:00:00', '15:30:00', 1, 5),
	(2560, 0, '2018-12-27', 108, '15:30:00', '16:00:00', 1, 5),
	(2561, 0, '2018-12-27', 109, '16:00:00', '16:30:00', 1, 5),
	(2562, 0, '2018-12-27', 110, '16:30:00', '17:00:00', 1, 5),
	(2563, 0, '2018-12-27', 111, '17:00:00', '17:30:00', 1, 5),
	(2564, 0, '2018-12-27', 112, '17:30:00', '18:00:00', 1, 5),
	(2565, 0, '2018-12-27', 113, '09:00:00', '09:30:00', 2, 5),
	(2566, 0, '2018-12-27', 114, '09:30:00', '10:00:00', 2, 5),
	(2567, 0, '2018-12-27', 115, '10:00:00', '10:30:00', 2, 5),
	(2568, 0, '2018-12-27', 116, '10:30:00', '11:00:00', 2, 5),
	(2569, 0, '2018-12-27', 117, '11:00:00', '11:30:00', 2, 5),
	(2570, 0, '2018-12-27', 118, '11:30:00', '12:00:00', 2, 5),
	(2571, 0, '2018-12-27', 119, '12:00:00', '12:30:00', 2, 5),
	(2572, 0, '2018-12-27', 120, '12:30:00', '13:00:00', 2, 5),
	(2573, 0, '2018-12-27', 121, '14:00:00', '14:30:00', 2, 5),
	(2574, 0, '2018-12-27', 122, '14:30:00', '15:00:00', 2, 5),
	(2575, 0, '2018-12-27', 123, '15:00:00', '15:30:00', 2, 5),
	(2576, 0, '2018-12-27', 124, '15:30:00', '16:00:00', 2, 5),
	(2577, 0, '2018-12-27', 125, '16:00:00', '16:30:00', 2, 5),
	(2578, 0, '2018-12-27', 126, '16:30:00', '17:00:00', 2, 5),
	(2579, 0, '2018-12-27', 127, '17:00:00', '17:30:00', 2, 5),
	(2580, 0, '2018-12-27', 128, '17:30:00', '18:00:00', 2, 5),
	(2581, 0, '2018-12-28', 129, '09:00:00', '09:30:00', 1, 5),
	(2582, 0, '2018-12-28', 130, '09:30:00', '10:00:00', 1, 5),
	(2583, 0, '2018-12-28', 131, '10:00:00', '10:30:00', 1, 5),
	(2584, 0, '2018-12-28', 132, '10:30:00', '11:00:00', 1, 5),
	(2585, 0, '2018-12-28', 133, '11:00:00', '11:30:00', 1, 5),
	(2586, 0, '2018-12-28', 134, '11:30:00', '12:00:00', 1, 5),
	(2587, 0, '2018-12-28', 135, '12:00:00', '12:30:00', 1, 5),
	(2588, 0, '2018-12-28', 136, '12:30:00', '13:00:00', 1, 5),
	(2589, 0, '2018-12-28', 137, '14:00:00', '14:30:00', 1, 5),
	(2590, 0, '2018-12-28', 138, '14:30:00', '15:00:00', 1, 5),
	(2591, 0, '2018-12-28', 139, '15:00:00', '15:30:00', 1, 5),
	(2592, 0, '2018-12-28', 140, '15:30:00', '16:00:00', 1, 5),
	(2593, 0, '2018-12-28', 141, '16:00:00', '16:30:00', 1, 5),
	(2594, 0, '2018-12-28', 142, '16:30:00', '17:00:00', 1, 5),
	(2595, 0, '2018-12-28', 143, '17:00:00', '17:30:00', 1, 5),
	(2596, 0, '2018-12-28', 144, '17:30:00', '18:00:00', 1, 5),
	(2597, 0, '2018-12-28', 145, '09:00:00', '09:30:00', 2, 5),
	(2598, 0, '2018-12-28', 146, '09:30:00', '10:00:00', 2, 5),
	(2599, 0, '2018-12-28', 147, '10:00:00', '10:30:00', 2, 5),
	(2600, 0, '2018-12-28', 148, '10:30:00', '11:00:00', 2, 5),
	(2601, 0, '2018-12-28', 149, '11:00:00', '11:30:00', 2, 5),
	(2602, 0, '2018-12-28', 150, '11:30:00', '12:00:00', 2, 5),
	(2603, 0, '2018-12-28', 151, '12:00:00', '12:30:00', 2, 5),
	(2604, 0, '2018-12-28', 152, '12:30:00', '13:00:00', 2, 5),
	(2605, 0, '2018-12-28', 153, '14:00:00', '14:30:00', 2, 5),
	(2606, 0, '2018-12-28', 154, '14:30:00', '15:00:00', 2, 5),
	(2607, 0, '2018-12-28', 155, '15:00:00', '15:30:00', 2, 5),
	(2608, 0, '2018-12-28', 156, '15:30:00', '16:00:00', 2, 5),
	(2609, 0, '2018-12-28', 157, '16:00:00', '16:30:00', 2, 5),
	(2610, 0, '2018-12-28', 158, '16:30:00', '17:00:00', 2, 5),
	(2611, 0, '2018-12-28', 159, '17:00:00', '17:30:00', 2, 5),
	(2612, 0, '2018-12-28', 160, '17:30:00', '18:00:00', 2, 5),
	(2613, 0, '2018-12-29', 161, '09:00:00', '09:30:00', 1, 5),
	(2614, 0, '2018-12-29', 162, '09:30:00', '10:00:00', 1, 5),
	(2615, 0, '2018-12-29', 163, '10:00:00', '10:30:00', 1, 5),
	(2616, 0, '2018-12-29', 164, '10:30:00', '11:00:00', 1, 5),
	(2617, 0, '2018-12-29', 165, '11:00:00', '11:30:00', 1, 5),
	(2618, 0, '2018-12-29', 166, '11:30:00', '12:00:00', 1, 5),
	(2619, 0, '2018-12-29', 167, '12:00:00', '12:30:00', 1, 5),
	(2620, 0, '2018-12-29', 168, '12:30:00', '13:00:00', 1, 5),
	(2621, 0, '2018-12-29', 169, '14:00:00', '14:30:00', 1, 5),
	(2622, 0, '2018-12-29', 170, '14:30:00', '15:00:00', 1, 5),
	(2623, 0, '2018-12-29', 171, '15:00:00', '15:30:00', 1, 5),
	(2624, 0, '2018-12-29', 172, '15:30:00', '16:00:00', 1, 5),
	(2625, 0, '2018-12-29', 173, '16:00:00', '16:30:00', 1, 5),
	(2626, 0, '2018-12-29', 174, '16:30:00', '17:00:00', 1, 5),
	(2627, 0, '2018-12-29', 175, '17:00:00', '17:30:00', 1, 5),
	(2628, 0, '2018-12-29', 176, '17:30:00', '18:00:00', 1, 5),
	(2629, 0, '2018-12-29', 177, '09:00:00', '09:30:00', 2, 5),
	(2630, 0, '2018-12-29', 178, '09:30:00', '10:00:00', 2, 5),
	(2631, 0, '2018-12-29', 179, '10:00:00', '10:30:00', 2, 5),
	(2632, 0, '2018-12-29', 180, '10:30:00', '11:00:00', 2, 5),
	(2633, 0, '2018-12-29', 181, '11:00:00', '11:30:00', 2, 5),
	(2634, 0, '2018-12-29', 182, '11:30:00', '12:00:00', 2, 5),
	(2635, 0, '2018-12-29', 183, '12:00:00', '12:30:00', 2, 5),
	(2636, 0, '2018-12-29', 184, '12:30:00', '13:00:00', 2, 5),
	(2637, 0, '2018-12-29', 185, '14:00:00', '14:30:00', 2, 5),
	(2638, 0, '2018-12-29', 186, '14:30:00', '15:00:00', 2, 5),
	(2639, 0, '2018-12-29', 187, '15:00:00', '15:30:00', 2, 5),
	(2640, 0, '2018-12-29', 188, '15:30:00', '16:00:00', 2, 5),
	(2641, 0, '2018-12-29', 189, '16:00:00', '16:30:00', 2, 5),
	(2642, 0, '2018-12-29', 190, '16:30:00', '17:00:00', 2, 5),
	(2643, 0, '2018-12-29', 191, '17:00:00', '17:30:00', 2, 5),
	(2644, 0, '2018-12-29', 192, '17:30:00', '18:00:00', 2, 5),
	(2645, 0, '2018-12-30', 193, '09:00:00', '09:30:00', 1, 5),
	(2646, 0, '2018-12-30', 194, '09:30:00', '10:00:00', 1, 5),
	(2647, 0, '2018-12-30', 195, '10:00:00', '10:30:00', 1, 5),
	(2648, 0, '2018-12-30', 196, '10:30:00', '11:00:00', 1, 5),
	(2649, 0, '2018-12-30', 197, '11:00:00', '11:30:00', 1, 5),
	(2650, 0, '2018-12-30', 198, '11:30:00', '12:00:00', 1, 5),
	(2651, 0, '2018-12-30', 199, '12:00:00', '12:30:00', 1, 5),
	(2652, 0, '2018-12-30', 200, '12:30:00', '13:00:00', 1, 5),
	(2653, 0, '2018-12-30', 201, '14:00:00', '14:30:00', 1, 5),
	(2654, 0, '2018-12-30', 202, '14:30:00', '15:00:00', 1, 5),
	(2655, 0, '2018-12-30', 203, '15:00:00', '15:30:00', 1, 5),
	(2656, 0, '2018-12-30', 204, '15:30:00', '16:00:00', 1, 5),
	(2657, 0, '2018-12-30', 205, '16:00:00', '16:30:00', 1, 5),
	(2658, 0, '2018-12-30', 206, '16:30:00', '17:00:00', 1, 5),
	(2659, 0, '2018-12-30', 207, '17:00:00', '17:30:00', 1, 5),
	(2660, 0, '2018-12-30', 208, '17:30:00', '18:00:00', 1, 5),
	(2661, 0, '2018-12-30', 209, '09:00:00', '09:30:00', 2, 5),
	(2662, 0, '2018-12-30', 210, '09:30:00', '10:00:00', 2, 5),
	(2663, 0, '2018-12-30', 211, '10:00:00', '10:30:00', 2, 5),
	(2664, 0, '2018-12-30', 212, '10:30:00', '11:00:00', 2, 5),
	(2665, 0, '2018-12-30', 213, '11:00:00', '11:30:00', 2, 5),
	(2666, 0, '2018-12-30', 214, '11:30:00', '12:00:00', 2, 5),
	(2667, 0, '2018-12-30', 215, '12:00:00', '12:30:00', 2, 5),
	(2668, 0, '2018-12-30', 216, '12:30:00', '13:00:00', 2, 5),
	(2669, 0, '2018-12-30', 217, '14:00:00', '14:30:00', 2, 5),
	(2670, 0, '2018-12-30', 218, '14:30:00', '15:00:00', 2, 5),
	(2671, 0, '2018-12-30', 219, '15:00:00', '15:30:00', 2, 5),
	(2672, 0, '2018-12-30', 220, '15:30:00', '16:00:00', 2, 5),
	(2673, 0, '2018-12-30', 221, '16:00:00', '16:30:00', 2, 5),
	(2674, 0, '2018-12-30', 222, '16:30:00', '17:00:00', 2, 5),
	(2675, 0, '2018-12-30', 223, '17:00:00', '17:30:00', 2, 5),
	(2676, 0, '2018-12-30', 224, '17:30:00', '18:00:00', 2, 5),
	(2677, 0, '2018-12-31', 225, '09:00:00', '09:30:00', 1, 5),
	(2678, 0, '2018-12-31', 226, '09:30:00', '10:00:00', 1, 5),
	(2679, 0, '2018-12-31', 227, '10:00:00', '10:30:00', 1, 5),
	(2680, 0, '2018-12-31', 228, '10:30:00', '11:00:00', 1, 5),
	(2681, 0, '2018-12-31', 229, '11:00:00', '11:30:00', 1, 5),
	(2682, 0, '2018-12-31', 230, '11:30:00', '12:00:00', 1, 5),
	(2683, 0, '2018-12-31', 231, '12:00:00', '12:30:00', 1, 5),
	(2684, 0, '2018-12-31', 232, '12:30:00', '13:00:00', 1, 5),
	(2685, 0, '2018-12-31', 233, '14:00:00', '14:30:00', 1, 5),
	(2686, 0, '2018-12-31', 234, '14:30:00', '15:00:00', 1, 5),
	(2687, 0, '2018-12-31', 235, '15:00:00', '15:30:00', 1, 5),
	(2688, 0, '2018-12-31', 236, '15:30:00', '16:00:00', 1, 5),
	(2689, 0, '2018-12-31', 237, '16:00:00', '16:30:00', 1, 5),
	(2690, 0, '2018-12-31', 238, '16:30:00', '17:00:00', 1, 5),
	(2691, 0, '2018-12-31', 239, '17:00:00', '17:30:00', 1, 5),
	(2692, 0, '2018-12-31', 240, '17:30:00', '18:00:00', 1, 5),
	(2693, 0, '2018-12-31', 241, '09:00:00', '09:30:00', 2, 5),
	(2694, 0, '2018-12-31', 242, '09:30:00', '10:00:00', 2, 5),
	(2695, 0, '2018-12-31', 243, '10:00:00', '10:30:00', 2, 5),
	(2696, 0, '2018-12-31', 244, '10:30:00', '11:00:00', 2, 5),
	(2697, 0, '2018-12-31', 245, '11:00:00', '11:30:00', 2, 5),
	(2698, 0, '2018-12-31', 246, '11:30:00', '12:00:00', 2, 5),
	(2699, 0, '2018-12-31', 247, '12:00:00', '12:30:00', 2, 5),
	(2700, 0, '2018-12-31', 248, '12:30:00', '13:00:00', 2, 5),
	(2701, 0, '2018-12-31', 249, '14:00:00', '14:30:00', 2, 5),
	(2702, 0, '2018-12-31', 250, '14:30:00', '15:00:00', 2, 5),
	(2703, 0, '2018-12-31', 251, '15:00:00', '15:30:00', 2, 5),
	(2704, 0, '2018-12-31', 252, '15:30:00', '16:00:00', 2, 5),
	(2705, 0, '2018-12-31', 253, '16:00:00', '16:30:00', 2, 5),
	(2706, 0, '2018-12-31', 254, '16:30:00', '17:00:00', 2, 5),
	(2707, 0, '2018-12-31', 255, '17:00:00', '17:30:00', 2, 5),
	(2708, 0, '2018-12-31', 256, '17:30:00', '18:00:00', 2, 5),
	(2709, 0, '2019-01-01', 257, '09:00:00', '09:30:00', 1, 5),
	(2710, 0, '2019-01-01', 258, '09:30:00', '10:00:00', 1, 5),
	(2711, 0, '2019-01-01', 259, '10:00:00', '10:30:00', 1, 5),
	(2712, 0, '2019-01-01', 260, '10:30:00', '11:00:00', 1, 5),
	(2713, 0, '2019-01-01', 261, '11:00:00', '11:30:00', 1, 5),
	(2714, 0, '2019-01-01', 262, '11:30:00', '12:00:00', 1, 5),
	(2715, 0, '2019-01-01', 263, '12:00:00', '12:30:00', 1, 5),
	(2716, 0, '2019-01-01', 264, '12:30:00', '13:00:00', 1, 5),
	(2717, 0, '2019-01-01', 265, '14:00:00', '14:30:00', 1, 5),
	(2718, 0, '2019-01-01', 266, '14:30:00', '15:00:00', 1, 5),
	(2719, 0, '2019-01-01', 267, '15:00:00', '15:30:00', 1, 5),
	(2720, 0, '2019-01-01', 268, '15:30:00', '16:00:00', 1, 5),
	(2721, 0, '2019-01-01', 269, '16:00:00', '16:30:00', 1, 5),
	(2722, 0, '2019-01-01', 270, '16:30:00', '17:00:00', 1, 5),
	(2723, 0, '2019-01-01', 271, '17:00:00', '17:30:00', 1, 5),
	(2724, 0, '2019-01-01', 272, '17:30:00', '18:00:00', 1, 5),
	(2725, 0, '2019-01-01', 273, '09:00:00', '09:30:00', 2, 5),
	(2726, 0, '2019-01-01', 274, '09:30:00', '10:00:00', 2, 5),
	(2727, 0, '2019-01-01', 275, '10:00:00', '10:30:00', 2, 5),
	(2728, 0, '2019-01-01', 276, '10:30:00', '11:00:00', 2, 5),
	(2729, 0, '2019-01-01', 277, '11:00:00', '11:30:00', 2, 5),
	(2730, 0, '2019-01-01', 278, '11:30:00', '12:00:00', 2, 5),
	(2731, 0, '2019-01-01', 279, '12:00:00', '12:30:00', 2, 5),
	(2732, 0, '2019-01-01', 280, '12:30:00', '13:00:00', 2, 5),
	(2733, 0, '2019-01-01', 281, '14:00:00', '14:30:00', 2, 5),
	(2734, 0, '2019-01-01', 282, '14:30:00', '15:00:00', 2, 5),
	(2735, 0, '2019-01-01', 283, '15:00:00', '15:30:00', 2, 5),
	(2736, 0, '2019-01-01', 284, '15:30:00', '16:00:00', 2, 5),
	(2737, 0, '2019-01-01', 285, '16:00:00', '16:30:00', 2, 5),
	(2738, 0, '2019-01-01', 286, '16:30:00', '17:00:00', 2, 5),
	(2739, 0, '2019-01-01', 287, '17:00:00', '17:30:00', 2, 5),
	(2740, 0, '2019-01-01', 288, '17:30:00', '18:00:00', 2, 5),
	(2741, 0, '2019-01-02', 289, '09:00:00', '09:30:00', 1, 5),
	(2742, 0, '2019-01-02', 290, '09:30:00', '10:00:00', 1, 5),
	(2743, 0, '2019-01-02', 291, '10:00:00', '10:30:00', 1, 5),
	(2744, 0, '2019-01-02', 292, '10:30:00', '11:00:00', 1, 5),
	(2745, 0, '2019-01-02', 293, '11:00:00', '11:30:00', 1, 5),
	(2746, 0, '2019-01-02', 294, '11:30:00', '12:00:00', 1, 5),
	(2747, 0, '2019-01-02', 295, '12:00:00', '12:30:00', 1, 5),
	(2748, 0, '2019-01-02', 296, '12:30:00', '13:00:00', 1, 5),
	(2749, 0, '2019-01-02', 297, '14:00:00', '14:30:00', 1, 5),
	(2750, 0, '2019-01-02', 298, '14:30:00', '15:00:00', 1, 5),
	(2751, 0, '2019-01-02', 299, '15:00:00', '15:30:00', 1, 5),
	(2752, 0, '2019-01-02', 300, '15:30:00', '16:00:00', 1, 5),
	(2753, 0, '2019-01-02', 301, '16:00:00', '16:30:00', 1, 5),
	(2754, 0, '2019-01-02', 302, '16:30:00', '17:00:00', 1, 5),
	(2755, 0, '2019-01-02', 303, '17:00:00', '17:30:00', 1, 5),
	(2756, 0, '2019-01-02', 304, '17:30:00', '18:00:00', 1, 5),
	(2757, 0, '2019-01-02', 305, '09:00:00', '09:30:00', 2, 5),
	(2758, 0, '2019-01-02', 306, '09:30:00', '10:00:00', 2, 5),
	(2759, 0, '2019-01-02', 307, '10:00:00', '10:30:00', 2, 5),
	(2760, 0, '2019-01-02', 308, '10:30:00', '11:00:00', 2, 5),
	(2761, 0, '2019-01-02', 309, '11:00:00', '11:30:00', 2, 5),
	(2762, 0, '2019-01-02', 310, '11:30:00', '12:00:00', 2, 5),
	(2763, 0, '2019-01-02', 311, '12:00:00', '12:30:00', 2, 5),
	(2764, 0, '2019-01-02', 312, '12:30:00', '13:00:00', 2, 5),
	(2765, 0, '2019-01-02', 313, '14:00:00', '14:30:00', 2, 5),
	(2766, 0, '2019-01-02', 314, '14:30:00', '15:00:00', 2, 5),
	(2767, 0, '2019-01-02', 315, '15:00:00', '15:30:00', 2, 5),
	(2768, 0, '2019-01-02', 316, '15:30:00', '16:00:00', 2, 5),
	(2769, 0, '2019-01-02', 317, '16:00:00', '16:30:00', 2, 5),
	(2770, 0, '2019-01-02', 318, '16:30:00', '17:00:00', 2, 5),
	(2771, 0, '2019-01-02', 319, '17:00:00', '17:30:00', 2, 5),
	(2772, 0, '2019-01-02', 320, '17:30:00', '18:00:00', 2, 5),
	(2773, 0, '2019-01-03', 321, '09:00:00', '09:30:00', 1, 5),
	(2774, 0, '2019-01-03', 322, '09:30:00', '10:00:00', 1, 5),
	(2775, 0, '2019-01-03', 323, '10:00:00', '10:30:00', 1, 5),
	(2776, 0, '2019-01-03', 324, '10:30:00', '11:00:00', 1, 5),
	(2777, 0, '2019-01-03', 325, '11:00:00', '11:30:00', 1, 5),
	(2778, 0, '2019-01-03', 326, '11:30:00', '12:00:00', 1, 5),
	(2779, 0, '2019-01-03', 327, '12:00:00', '12:30:00', 1, 5),
	(2780, 0, '2019-01-03', 328, '12:30:00', '13:00:00', 1, 5),
	(2781, 0, '2019-01-03', 329, '14:00:00', '14:30:00', 1, 5),
	(2782, 0, '2019-01-03', 330, '14:30:00', '15:00:00', 1, 5),
	(2783, 0, '2019-01-03', 331, '15:00:00', '15:30:00', 1, 5),
	(2784, 0, '2019-01-03', 332, '15:30:00', '16:00:00', 1, 5),
	(2785, 0, '2019-01-03', 333, '16:00:00', '16:30:00', 1, 5),
	(2786, 0, '2019-01-03', 334, '16:30:00', '17:00:00', 1, 5),
	(2787, 0, '2019-01-03', 335, '17:00:00', '17:30:00', 1, 5),
	(2788, 0, '2019-01-03', 336, '17:30:00', '18:00:00', 1, 5),
	(2789, 0, '2019-01-03', 337, '09:00:00', '09:30:00', 2, 5),
	(2790, 0, '2019-01-03', 338, '09:30:00', '10:00:00', 2, 5),
	(2791, 0, '2019-01-03', 339, '10:00:00', '10:30:00', 2, 5),
	(2792, 0, '2019-01-03', 340, '10:30:00', '11:00:00', 2, 5),
	(2793, 0, '2019-01-03', 341, '11:00:00', '11:30:00', 2, 5),
	(2794, 0, '2019-01-03', 342, '11:30:00', '12:00:00', 2, 5),
	(2795, 0, '2019-01-03', 343, '12:00:00', '12:30:00', 2, 5),
	(2796, 0, '2019-01-03', 344, '12:30:00', '13:00:00', 2, 5),
	(2797, 0, '2019-01-03', 345, '14:00:00', '14:30:00', 2, 5),
	(2798, 0, '2019-01-03', 346, '14:30:00', '15:00:00', 2, 5),
	(2799, 0, '2019-01-03', 347, '15:00:00', '15:30:00', 2, 5),
	(2800, 0, '2019-01-03', 348, '15:30:00', '16:00:00', 2, 5),
	(2801, 0, '2019-01-03', 349, '16:00:00', '16:30:00', 2, 5),
	(2802, 0, '2019-01-03', 350, '16:30:00', '17:00:00', 2, 5),
	(2803, 0, '2019-01-03', 351, '17:00:00', '17:30:00', 2, 5),
	(2804, 0, '2019-01-03', 352, '17:30:00', '18:00:00', 2, 5),
	(2805, 0, '2019-01-04', 353, '09:00:00', '09:30:00', 1, 5),
	(2806, 0, '2019-01-04', 354, '09:30:00', '10:00:00', 1, 5),
	(2807, 0, '2019-01-04', 355, '10:00:00', '10:30:00', 1, 5),
	(2808, 0, '2019-01-04', 356, '10:30:00', '11:00:00', 1, 5),
	(2809, 0, '2019-01-04', 357, '11:00:00', '11:30:00', 1, 5),
	(2810, 0, '2019-01-04', 358, '11:30:00', '12:00:00', 1, 5),
	(2811, 0, '2019-01-04', 359, '12:00:00', '12:30:00', 1, 5),
	(2812, 0, '2019-01-04', 360, '12:30:00', '13:00:00', 1, 5),
	(2813, 0, '2019-01-04', 361, '14:00:00', '14:30:00', 1, 5),
	(2814, 0, '2019-01-04', 362, '14:30:00', '15:00:00', 1, 5),
	(2815, 0, '2019-01-04', 363, '15:00:00', '15:30:00', 1, 5),
	(2816, 0, '2019-01-04', 364, '15:30:00', '16:00:00', 1, 5),
	(2817, 0, '2019-01-04', 365, '16:00:00', '16:30:00', 1, 5),
	(2818, 0, '2019-01-04', 366, '16:30:00', '17:00:00', 1, 5),
	(2819, 0, '2019-01-04', 367, '17:00:00', '17:30:00', 1, 5),
	(2820, 0, '2019-01-04', 368, '17:30:00', '18:00:00', 1, 5),
	(2821, 0, '2019-01-04', 369, '09:00:00', '09:30:00', 2, 5),
	(2822, 0, '2019-01-04', 370, '09:30:00', '10:00:00', 2, 5),
	(2823, 0, '2019-01-04', 371, '10:00:00', '10:30:00', 2, 5),
	(2824, 0, '2019-01-04', 372, '10:30:00', '11:00:00', 2, 5),
	(2825, 0, '2019-01-04', 373, '11:00:00', '11:30:00', 2, 5),
	(2826, 0, '2019-01-04', 374, '11:30:00', '12:00:00', 2, 5),
	(2827, 0, '2019-01-04', 375, '12:00:00', '12:30:00', 2, 5),
	(2828, 0, '2019-01-04', 376, '12:30:00', '13:00:00', 2, 5),
	(2829, 0, '2019-01-04', 377, '14:00:00', '14:30:00', 2, 5),
	(2830, 0, '2019-01-04', 378, '14:30:00', '15:00:00', 2, 5),
	(2831, 0, '2019-01-04', 379, '15:00:00', '15:30:00', 2, 5),
	(2832, 0, '2019-01-04', 380, '15:30:00', '16:00:00', 2, 5),
	(2833, 0, '2019-01-04', 381, '16:00:00', '16:30:00', 2, 5),
	(2834, 0, '2019-01-04', 382, '16:30:00', '17:00:00', 2, 5),
	(2835, 0, '2019-01-04', 383, '17:00:00', '17:30:00', 2, 5),
	(2836, 0, '2019-01-04', 384, '17:30:00', '18:00:00', 2, 5),
	(2837, 0, '2019-01-07', 385, '09:00:00', '09:30:00', 1, 5),
	(2838, 0, '2019-01-07', 386, '09:30:00', '10:00:00', 1, 5),
	(2839, 0, '2019-01-07', 387, '10:00:00', '10:30:00', 1, 5),
	(2840, 0, '2019-01-07', 388, '10:30:00', '11:00:00', 1, 5),
	(2841, 0, '2019-01-07', 389, '11:00:00', '11:30:00', 1, 5),
	(2842, 0, '2019-01-07', 390, '11:30:00', '12:00:00', 1, 5),
	(2843, 0, '2019-01-07', 391, '12:00:00', '12:30:00', 1, 5),
	(2844, 0, '2019-01-07', 392, '12:30:00', '13:00:00', 1, 5),
	(2845, 0, '2019-01-07', 393, '14:00:00', '14:30:00', 1, 5),
	(2846, 0, '2019-01-07', 394, '14:30:00', '15:00:00', 1, 5),
	(2847, 0, '2019-01-07', 395, '15:00:00', '15:30:00', 1, 5),
	(2848, 0, '2019-01-07', 396, '15:30:00', '16:00:00', 1, 5),
	(2849, 0, '2019-01-07', 397, '16:00:00', '16:30:00', 1, 5),
	(2850, 0, '2019-01-07', 398, '16:30:00', '17:00:00', 1, 5),
	(2851, 0, '2019-01-07', 399, '17:00:00', '17:30:00', 1, 5),
	(2852, 0, '2019-01-07', 400, '17:30:00', '18:00:00', 1, 5),
	(2853, 0, '2019-01-07', 401, '09:00:00', '09:30:00', 2, 5),
	(2854, 0, '2019-01-07', 402, '09:30:00', '10:00:00', 2, 5),
	(2855, 0, '2019-01-07', 403, '10:00:00', '10:30:00', 2, 5),
	(2856, 0, '2019-01-07', 404, '10:30:00', '11:00:00', 2, 5),
	(2857, 0, '2019-01-07', 405, '11:00:00', '11:30:00', 2, 5),
	(2858, 0, '2019-01-07', 406, '11:30:00', '12:00:00', 2, 5),
	(2859, 0, '2019-01-07', 407, '12:00:00', '12:30:00', 2, 5),
	(2860, 0, '2019-01-07', 408, '12:30:00', '13:00:00', 2, 5),
	(2861, 0, '2019-01-07', 409, '14:00:00', '14:30:00', 2, 5),
	(2862, 0, '2019-01-07', 410, '14:30:00', '15:00:00', 2, 5),
	(2863, 0, '2019-01-07', 411, '15:00:00', '15:30:00', 2, 5),
	(2864, 0, '2019-01-07', 412, '15:30:00', '16:00:00', 2, 5),
	(2865, 0, '2019-01-07', 413, '16:00:00', '16:30:00', 2, 5),
	(2866, 0, '2019-01-07', 414, '16:30:00', '17:00:00', 2, 5),
	(2867, 0, '2019-01-07', 415, '17:00:00', '17:30:00', 2, 5),
	(2868, 0, '2019-01-07', 416, '17:30:00', '18:00:00', 2, 5),
	(2869, 0, '2019-01-08', 417, '09:00:00', '09:30:00', 1, 5),
	(2870, 0, '2019-01-08', 418, '09:30:00', '10:00:00', 1, 5),
	(2871, 0, '2019-01-08', 419, '10:00:00', '10:30:00', 1, 5),
	(2872, 0, '2019-01-08', 420, '10:30:00', '11:00:00', 1, 5),
	(2873, 0, '2019-01-08', 421, '11:00:00', '11:30:00', 1, 5),
	(2874, 0, '2019-01-08', 422, '11:30:00', '12:00:00', 1, 5),
	(2875, 0, '2019-01-08', 423, '12:00:00', '12:30:00', 1, 5),
	(2876, 0, '2019-01-08', 424, '12:30:00', '13:00:00', 1, 5),
	(2877, 0, '2019-01-08', 425, '14:00:00', '14:30:00', 1, 5),
	(2878, 0, '2019-01-08', 426, '14:30:00', '15:00:00', 1, 5),
	(2879, 0, '2019-01-08', 427, '15:00:00', '15:30:00', 1, 5),
	(2880, 0, '2019-01-08', 428, '15:30:00', '16:00:00', 1, 5),
	(2881, 0, '2019-01-08', 429, '16:00:00', '16:30:00', 1, 5),
	(2882, 0, '2019-01-08', 430, '16:30:00', '17:00:00', 1, 5),
	(2883, 0, '2019-01-08', 431, '17:00:00', '17:30:00', 1, 5),
	(2884, 0, '2019-01-08', 432, '17:30:00', '18:00:00', 1, 5),
	(2885, 0, '2019-01-08', 433, '09:00:00', '09:30:00', 2, 5),
	(2886, 0, '2019-01-08', 434, '09:30:00', '10:00:00', 2, 5),
	(2887, 0, '2019-01-08', 435, '10:00:00', '10:30:00', 2, 5),
	(2888, 0, '2019-01-08', 436, '10:30:00', '11:00:00', 2, 5),
	(2889, 0, '2019-01-08', 437, '11:00:00', '11:30:00', 2, 5),
	(2890, 0, '2019-01-08', 438, '11:30:00', '12:00:00', 2, 5),
	(2891, 0, '2019-01-08', 439, '12:00:00', '12:30:00', 2, 5),
	(2892, 0, '2019-01-08', 440, '12:30:00', '13:00:00', 2, 5),
	(2893, 0, '2019-01-08', 441, '14:00:00', '14:30:00', 2, 5),
	(2894, 0, '2019-01-08', 442, '14:30:00', '15:00:00', 2, 5),
	(2895, 0, '2019-01-08', 443, '15:00:00', '15:30:00', 2, 5),
	(2896, 0, '2019-01-08', 444, '15:30:00', '16:00:00', 2, 5),
	(2897, 0, '2019-01-08', 445, '16:00:00', '16:30:00', 2, 5),
	(2898, 0, '2019-01-08', 446, '16:30:00', '17:00:00', 2, 5),
	(2899, 0, '2019-01-08', 447, '17:00:00', '17:30:00', 2, 5),
	(2900, 0, '2019-01-08', 448, '17:30:00', '18:00:00', 2, 5),
	(2901, 0, '2019-01-09', 449, '09:00:00', '09:30:00', 1, 5),
	(2902, 0, '2019-01-09', 450, '09:30:00', '10:00:00', 1, 5),
	(2903, 0, '2019-01-09', 451, '10:00:00', '10:30:00', 1, 5),
	(2904, 0, '2019-01-09', 452, '10:30:00', '11:00:00', 1, 5),
	(2905, 0, '2019-01-09', 453, '11:00:00', '11:30:00', 1, 5),
	(2906, 0, '2019-01-09', 454, '11:30:00', '12:00:00', 1, 5),
	(2907, 0, '2019-01-09', 455, '12:00:00', '12:30:00', 1, 5),
	(2908, 0, '2019-01-09', 456, '12:30:00', '13:00:00', 1, 5),
	(2909, 0, '2019-01-09', 457, '14:00:00', '14:30:00', 1, 5),
	(2910, 0, '2019-01-09', 458, '14:30:00', '15:00:00', 1, 5),
	(2911, 0, '2019-01-09', 459, '15:00:00', '15:30:00', 1, 5),
	(2912, 0, '2019-01-09', 460, '15:30:00', '16:00:00', 1, 5),
	(2913, 0, '2019-01-09', 461, '16:00:00', '16:30:00', 1, 5),
	(2914, 0, '2019-01-09', 462, '16:30:00', '17:00:00', 1, 5),
	(2915, 0, '2019-01-09', 463, '17:00:00', '17:30:00', 1, 5),
	(2916, 0, '2019-01-09', 464, '17:30:00', '18:00:00', 1, 5),
	(2917, 0, '2019-01-09', 465, '09:00:00', '09:30:00', 2, 5),
	(2918, 0, '2019-01-09', 466, '09:30:00', '10:00:00', 2, 5),
	(2919, 0, '2019-01-09', 467, '10:00:00', '10:30:00', 2, 5),
	(2920, 0, '2019-01-09', 468, '10:30:00', '11:00:00', 2, 5),
	(2921, 0, '2019-01-09', 469, '11:00:00', '11:30:00', 2, 5),
	(2922, 0, '2019-01-09', 470, '11:30:00', '12:00:00', 2, 5),
	(2923, 0, '2019-01-09', 471, '12:00:00', '12:30:00', 2, 5),
	(2924, 0, '2019-01-09', 472, '12:30:00', '13:00:00', 2, 5),
	(2925, 0, '2019-01-09', 473, '14:00:00', '14:30:00', 2, 5),
	(2926, 0, '2019-01-09', 474, '14:30:00', '15:00:00', 2, 5),
	(2927, 0, '2019-01-09', 475, '15:00:00', '15:30:00', 2, 5),
	(2928, 0, '2019-01-09', 476, '15:30:00', '16:00:00', 2, 5),
	(2929, 0, '2019-01-09', 477, '16:00:00', '16:30:00', 2, 5),
	(2930, 0, '2019-01-09', 478, '16:30:00', '17:00:00', 2, 5),
	(2931, 0, '2019-01-09', 479, '17:00:00', '17:30:00', 2, 5),
	(2932, 0, '2019-01-09', 480, '17:30:00', '18:00:00', 2, 5),
	(2933, 0, '2019-01-10', 481, '09:00:00', '09:30:00', 1, 5),
	(2934, 0, '2019-01-10', 482, '09:30:00', '10:00:00', 1, 5),
	(2935, 0, '2019-01-10', 483, '10:00:00', '10:30:00', 1, 5),
	(2936, 0, '2019-01-10', 484, '10:30:00', '11:00:00', 1, 5),
	(2937, 0, '2019-01-10', 485, '11:00:00', '11:30:00', 1, 5),
	(2938, 0, '2019-01-10', 486, '11:30:00', '12:00:00', 1, 5),
	(2939, 0, '2019-01-10', 487, '12:00:00', '12:30:00', 1, 5),
	(2940, 0, '2019-01-10', 488, '12:30:00', '13:00:00', 1, 5),
	(2941, 0, '2019-01-10', 489, '14:00:00', '14:30:00', 1, 5),
	(2942, 0, '2019-01-10', 490, '14:30:00', '15:00:00', 1, 5),
	(2943, 0, '2019-01-10', 491, '15:00:00', '15:30:00', 1, 5),
	(2944, 0, '2019-01-10', 492, '15:30:00', '16:00:00', 1, 5),
	(2945, 0, '2019-01-10', 493, '16:00:00', '16:30:00', 1, 5),
	(2946, 0, '2019-01-10', 494, '16:30:00', '17:00:00', 1, 5),
	(2947, 0, '2019-01-10', 495, '17:00:00', '17:30:00', 1, 5),
	(2948, 0, '2019-01-10', 496, '17:30:00', '18:00:00', 1, 5),
	(2949, 0, '2019-01-10', 497, '09:00:00', '09:30:00', 2, 5),
	(2950, 0, '2019-01-10', 498, '09:30:00', '10:00:00', 2, 5),
	(2951, 0, '2019-01-10', 499, '10:00:00', '10:30:00', 2, 5),
	(2952, 0, '2019-01-10', 500, '10:30:00', '11:00:00', 2, 5),
	(2953, 0, '2019-01-10', 501, '11:00:00', '11:30:00', 2, 5),
	(2954, 0, '2019-01-10', 502, '11:30:00', '12:00:00', 2, 5),
	(2955, 0, '2019-01-10', 503, '12:00:00', '12:30:00', 2, 5),
	(2956, 0, '2019-01-10', 504, '12:30:00', '13:00:00', 2, 5),
	(2957, 0, '2019-01-10', 505, '14:00:00', '14:30:00', 2, 5),
	(2958, 0, '2019-01-10', 506, '14:30:00', '15:00:00', 2, 5),
	(2959, 0, '2019-01-10', 507, '15:00:00', '15:30:00', 2, 5),
	(2960, 0, '2019-01-10', 508, '15:30:00', '16:00:00', 2, 5),
	(2961, 0, '2019-01-10', 509, '16:00:00', '16:30:00', 2, 5),
	(2962, 0, '2019-01-10', 510, '16:30:00', '17:00:00', 2, 5),
	(2963, 0, '2019-01-10', 511, '17:00:00', '17:30:00', 2, 5),
	(2964, 0, '2019-01-10', 512, '17:30:00', '18:00:00', 2, 5),
	(2965, 0, '2019-01-11', 513, '09:00:00', '09:30:00', 1, 5),
	(2966, 0, '2019-01-11', 514, '09:30:00', '10:00:00', 1, 5),
	(2967, 0, '2019-01-11', 515, '10:00:00', '10:30:00', 1, 5),
	(2968, 0, '2019-01-11', 516, '10:30:00', '11:00:00', 1, 5),
	(2969, 0, '2019-01-11', 517, '11:00:00', '11:30:00', 1, 5),
	(2970, 0, '2019-01-11', 518, '11:30:00', '12:00:00', 1, 5),
	(2971, 0, '2019-01-11', 519, '12:00:00', '12:30:00', 1, 5),
	(2972, 0, '2019-01-11', 520, '12:30:00', '13:00:00', 1, 5),
	(2973, 0, '2019-01-11', 521, '14:00:00', '14:30:00', 1, 5),
	(2974, 0, '2019-01-11', 522, '14:30:00', '15:00:00', 1, 5),
	(2975, 0, '2019-01-11', 523, '15:00:00', '15:30:00', 1, 5),
	(2976, 0, '2019-01-11', 524, '15:30:00', '16:00:00', 1, 5),
	(2977, 0, '2019-01-11', 525, '16:00:00', '16:30:00', 1, 5),
	(2978, 0, '2019-01-11', 526, '16:30:00', '17:00:00', 1, 5),
	(2979, 0, '2019-01-11', 527, '17:00:00', '17:30:00', 1, 5),
	(2980, 0, '2019-01-11', 528, '17:30:00', '18:00:00', 1, 5),
	(2981, 0, '2019-01-11', 529, '09:00:00', '09:30:00', 2, 5),
	(2982, 0, '2019-01-11', 530, '09:30:00', '10:00:00', 2, 5),
	(2983, 0, '2019-01-11', 531, '10:00:00', '10:30:00', 2, 5),
	(2984, 0, '2019-01-11', 532, '10:30:00', '11:00:00', 2, 5),
	(2985, 0, '2019-01-11', 533, '11:00:00', '11:30:00', 2, 5),
	(2986, 0, '2019-01-11', 534, '11:30:00', '12:00:00', 2, 5),
	(2987, 0, '2019-01-11', 535, '12:00:00', '12:30:00', 2, 5),
	(2988, 0, '2019-01-11', 536, '12:30:00', '13:00:00', 2, 5),
	(2989, 0, '2019-01-11', 537, '14:00:00', '14:30:00', 2, 5),
	(2990, 0, '2019-01-11', 538, '14:30:00', '15:00:00', 2, 5),
	(2991, 0, '2019-01-11', 539, '15:00:00', '15:30:00', 2, 5),
	(2992, 0, '2019-01-11', 540, '15:30:00', '16:00:00', 2, 5),
	(2993, 0, '2019-01-11', 541, '16:00:00', '16:30:00', 2, 5),
	(2994, 0, '2019-01-11', 542, '16:30:00', '17:00:00', 2, 5),
	(2995, 0, '2019-01-11', 543, '17:00:00', '17:30:00', 2, 5),
	(2996, 0, '2019-01-11', 544, '17:30:00', '18:00:00', 2, 5),
	(2997, 900, '2018-12-24', 1, '09:00:00', '09:30:00', 1, 5),
	(2998, 900, '2018-12-24', 2, '09:30:00', '10:00:00', 1, 5),
	(2999, 900, '2018-12-24', 3, '10:00:00', '10:30:00', 1, 5),
	(3000, 900, '2018-12-24', 4, '10:30:00', '11:00:00', 1, 5),
	(3001, 900, '2018-12-24', 5, '11:00:00', '11:30:00', 1, 5),
	(3002, 900, '2018-12-24', 6, '11:30:00', '12:00:00', 1, 5),
	(3003, 900, '2018-12-24', 7, '12:00:00', '12:30:00', 1, 5),
	(3004, 900, '2018-12-24', 8, '12:30:00', '13:00:00', 1, 5),
	(3005, 900, '2018-12-24', 9, '14:00:00', '14:30:00', 1, 5),
	(3006, 900, '2018-12-24', 10, '14:30:00', '15:00:00', 1, 5),
	(3007, 900, '2018-12-24', 11, '15:00:00', '15:30:00', 1, 5),
	(3008, 900, '2018-12-24', 12, '15:30:00', '16:00:00', 1, 5),
	(3009, 900, '2018-12-24', 13, '16:00:00', '16:30:00', 1, 5),
	(3010, 900, '2018-12-24', 14, '16:30:00', '17:00:00', 1, 5),
	(3011, 900, '2018-12-24', 15, '17:00:00', '17:30:00', 1, 5),
	(3012, 900, '2018-12-24', 16, '17:30:00', '18:00:00', 1, 5),
	(3013, 900, '2018-12-24', 17, '09:00:00', '09:30:00', 2, 5),
	(3014, 900, '2018-12-24', 18, '09:30:00', '10:00:00', 2, 5),
	(3015, 900, '2018-12-24', 19, '10:00:00', '10:30:00', 2, 5),
	(3016, 900, '2018-12-24', 20, '10:30:00', '11:00:00', 2, 5),
	(3017, 900, '2018-12-24', 21, '11:00:00', '11:30:00', 2, 5),
	(3018, 900, '2018-12-24', 22, '11:30:00', '12:00:00', 2, 5),
	(3019, 900, '2018-12-24', 23, '12:00:00', '12:30:00', 2, 5),
	(3020, 900, '2018-12-24', 24, '12:30:00', '13:00:00', 2, 5),
	(3021, 900, '2018-12-24', 25, '14:00:00', '14:30:00', 2, 5),
	(3022, 900, '2018-12-24', 26, '14:30:00', '15:00:00', 2, 5),
	(3023, 900, '2018-12-24', 27, '15:00:00', '15:30:00', 2, 5),
	(3024, 900, '2018-12-24', 28, '15:30:00', '16:00:00', 2, 5),
	(3025, 900, '2018-12-24', 29, '16:00:00', '16:30:00', 2, 5),
	(3026, 900, '2018-12-24', 30, '16:30:00', '17:00:00', 2, 5),
	(3027, 900, '2018-12-24', 31, '17:00:00', '17:30:00', 2, 5),
	(3028, 900, '2018-12-24', 32, '17:30:00', '18:00:00', 2, 5),
	(3029, 900, '2018-12-25', 33, '09:00:00', '09:30:00', 1, 5),
	(3030, 900, '2018-12-25', 34, '09:30:00', '10:00:00', 1, 5),
	(3031, 900, '2018-12-25', 35, '10:00:00', '10:30:00', 1, 5),
	(3032, 900, '2018-12-25', 36, '10:30:00', '11:00:00', 1, 5),
	(3033, 900, '2018-12-25', 37, '11:00:00', '11:30:00', 1, 5),
	(3034, 900, '2018-12-25', 38, '11:30:00', '12:00:00', 1, 5),
	(3035, 900, '2018-12-25', 39, '12:00:00', '12:30:00', 1, 5),
	(3036, 900, '2018-12-25', 40, '12:30:00', '13:00:00', 1, 5),
	(3037, 900, '2018-12-25', 41, '14:00:00', '14:30:00', 1, 5),
	(3038, 900, '2018-12-25', 42, '14:30:00', '15:00:00', 1, 5),
	(3039, 900, '2018-12-25', 43, '15:00:00', '15:30:00', 1, 5),
	(3040, 900, '2018-12-25', 44, '15:30:00', '16:00:00', 1, 5),
	(3041, 900, '2018-12-25', 45, '16:00:00', '16:30:00', 1, 5),
	(3042, 900, '2018-12-25', 46, '16:30:00', '17:00:00', 1, 5),
	(3043, 900, '2018-12-25', 47, '17:00:00', '17:30:00', 1, 5),
	(3044, 900, '2018-12-25', 48, '17:30:00', '18:00:00', 1, 5),
	(3045, 900, '2018-12-25', 49, '09:00:00', '09:30:00', 2, 5),
	(3046, 900, '2018-12-25', 50, '09:30:00', '10:00:00', 2, 5),
	(3047, 900, '2018-12-25', 51, '10:00:00', '10:30:00', 2, 5),
	(3048, 900, '2018-12-25', 52, '10:30:00', '11:00:00', 2, 5),
	(3049, 900, '2018-12-25', 53, '11:00:00', '11:30:00', 2, 5),
	(3050, 900, '2018-12-25', 54, '11:30:00', '12:00:00', 2, 5),
	(3051, 900, '2018-12-25', 55, '12:00:00', '12:30:00', 2, 5),
	(3052, 900, '2018-12-25', 56, '12:30:00', '13:00:00', 2, 5),
	(3053, 900, '2018-12-25', 57, '14:00:00', '14:30:00', 2, 5),
	(3054, 900, '2018-12-25', 58, '14:30:00', '15:00:00', 2, 5),
	(3055, 900, '2018-12-25', 59, '15:00:00', '15:30:00', 2, 5),
	(3056, 900, '2018-12-25', 60, '15:30:00', '16:00:00', 2, 5),
	(3057, 900, '2018-12-25', 61, '16:00:00', '16:30:00', 2, 5),
	(3058, 900, '2018-12-25', 62, '16:30:00', '17:00:00', 2, 5),
	(3059, 900, '2018-12-25', 63, '17:00:00', '17:30:00', 2, 5),
	(3060, 900, '2018-12-25', 64, '17:30:00', '18:00:00', 2, 5),
	(3061, 900, '2018-12-26', 65, '09:00:00', '09:30:00', 1, 5),
	(3062, 900, '2018-12-26', 66, '09:30:00', '10:00:00', 1, 5),
	(3063, 900, '2018-12-26', 67, '10:00:00', '10:30:00', 1, 5),
	(3064, 900, '2018-12-26', 68, '10:30:00', '11:00:00', 1, 5),
	(3065, 900, '2018-12-26', 69, '11:00:00', '11:30:00', 1, 5),
	(3066, 900, '2018-12-26', 70, '11:30:00', '12:00:00', 1, 5),
	(3067, 900, '2018-12-26', 71, '12:00:00', '12:30:00', 1, 5),
	(3068, 900, '2018-12-26', 72, '12:30:00', '13:00:00', 1, 5),
	(3069, 900, '2018-12-26', 73, '14:00:00', '14:30:00', 1, 5),
	(3070, 900, '2018-12-26', 74, '14:30:00', '15:00:00', 1, 5),
	(3071, 900, '2018-12-26', 75, '15:00:00', '15:30:00', 1, 5),
	(3072, 900, '2018-12-26', 76, '15:30:00', '16:00:00', 1, 5),
	(3073, 900, '2018-12-26', 77, '16:00:00', '16:30:00', 1, 5),
	(3074, 900, '2018-12-26', 78, '16:30:00', '17:00:00', 1, 5),
	(3075, 900, '2018-12-26', 79, '17:00:00', '17:30:00', 1, 5),
	(3076, 900, '2018-12-26', 80, '17:30:00', '18:00:00', 1, 5),
	(3077, 900, '2018-12-26', 81, '09:00:00', '09:30:00', 2, 5),
	(3078, 900, '2018-12-26', 82, '09:30:00', '10:00:00', 2, 5),
	(3079, 900, '2018-12-26', 83, '10:00:00', '10:30:00', 2, 5),
	(3080, 900, '2018-12-26', 84, '10:30:00', '11:00:00', 2, 5),
	(3081, 900, '2018-12-26', 85, '11:00:00', '11:30:00', 2, 5),
	(3082, 900, '2018-12-26', 86, '11:30:00', '12:00:00', 2, 5),
	(3083, 900, '2018-12-26', 87, '12:00:00', '12:30:00', 2, 5),
	(3084, 900, '2018-12-26', 88, '12:30:00', '13:00:00', 2, 5),
	(3085, 900, '2018-12-26', 89, '14:00:00', '14:30:00', 2, 5),
	(3086, 900, '2018-12-26', 90, '14:30:00', '15:00:00', 2, 5),
	(3087, 900, '2018-12-26', 91, '15:00:00', '15:30:00', 2, 5),
	(3088, 900, '2018-12-26', 92, '15:30:00', '16:00:00', 2, 5),
	(3089, 900, '2018-12-26', 93, '16:00:00', '16:30:00', 2, 5),
	(3090, 900, '2018-12-26', 94, '16:30:00', '17:00:00', 2, 5),
	(3091, 900, '2018-12-26', 95, '17:00:00', '17:30:00', 2, 5),
	(3092, 900, '2018-12-26', 96, '17:30:00', '18:00:00', 2, 5),
	(3093, 900, '2018-12-27', 97, '09:00:00', '09:30:00', 1, 5),
	(3094, 900, '2018-12-27', 98, '09:30:00', '10:00:00', 1, 5),
	(3095, 900, '2018-12-27', 99, '10:00:00', '10:30:00', 1, 5),
	(3096, 900, '2018-12-27', 100, '10:30:00', '11:00:00', 1, 5),
	(3097, 900, '2018-12-27', 101, '11:00:00', '11:30:00', 1, 5),
	(3098, 900, '2018-12-27', 102, '11:30:00', '12:00:00', 1, 5),
	(3099, 900, '2018-12-27', 103, '12:00:00', '12:30:00', 1, 5),
	(3100, 900, '2018-12-27', 104, '12:30:00', '13:00:00', 1, 5),
	(3101, 900, '2018-12-27', 105, '14:00:00', '14:30:00', 1, 5),
	(3102, 900, '2018-12-27', 106, '14:30:00', '15:00:00', 1, 5),
	(3103, 900, '2018-12-27', 107, '15:00:00', '15:30:00', 1, 5),
	(3104, 900, '2018-12-27', 108, '15:30:00', '16:00:00', 1, 5),
	(3105, 900, '2018-12-27', 109, '16:00:00', '16:30:00', 1, 5),
	(3106, 900, '2018-12-27', 110, '16:30:00', '17:00:00', 1, 5),
	(3107, 900, '2018-12-27', 111, '17:00:00', '17:30:00', 1, 5),
	(3108, 900, '2018-12-27', 112, '17:30:00', '18:00:00', 1, 5),
	(3109, 900, '2018-12-27', 113, '09:00:00', '09:30:00', 2, 5),
	(3110, 900, '2018-12-27', 114, '09:30:00', '10:00:00', 2, 5),
	(3111, 900, '2018-12-27', 115, '10:00:00', '10:30:00', 2, 5),
	(3112, 900, '2018-12-27', 116, '10:30:00', '11:00:00', 2, 5),
	(3113, 900, '2018-12-27', 117, '11:00:00', '11:30:00', 2, 5),
	(3114, 900, '2018-12-27', 118, '11:30:00', '12:00:00', 2, 5),
	(3115, 900, '2018-12-27', 119, '12:00:00', '12:30:00', 2, 5),
	(3116, 900, '2018-12-27', 120, '12:30:00', '13:00:00', 2, 5),
	(3117, 900, '2018-12-27', 121, '14:00:00', '14:30:00', 2, 5),
	(3118, 900, '2018-12-27', 122, '14:30:00', '15:00:00', 2, 5),
	(3119, 900, '2018-12-27', 123, '15:00:00', '15:30:00', 2, 5),
	(3120, 900, '2018-12-27', 124, '15:30:00', '16:00:00', 2, 5),
	(3121, 900, '2018-12-27', 125, '16:00:00', '16:30:00', 2, 5),
	(3122, 900, '2018-12-27', 126, '16:30:00', '17:00:00', 2, 5),
	(3123, 900, '2018-12-27', 127, '17:00:00', '17:30:00', 2, 5),
	(3124, 900, '2018-12-27', 128, '17:30:00', '18:00:00', 2, 5),
	(3125, 900, '2018-12-28', 129, '09:00:00', '09:30:00', 1, 5),
	(3126, 900, '2018-12-28', 130, '09:30:00', '10:00:00', 1, 5),
	(3127, 900, '2018-12-28', 131, '10:00:00', '10:30:00', 1, 5),
	(3128, 900, '2018-12-28', 132, '10:30:00', '11:00:00', 1, 5),
	(3129, 900, '2018-12-28', 133, '11:00:00', '11:30:00', 1, 5),
	(3130, 900, '2018-12-28', 134, '11:30:00', '12:00:00', 1, 5),
	(3131, 900, '2018-12-28', 135, '12:00:00', '12:30:00', 1, 5),
	(3132, 900, '2018-12-28', 136, '12:30:00', '13:00:00', 1, 5),
	(3133, 900, '2018-12-28', 137, '14:00:00', '14:30:00', 1, 5),
	(3134, 900, '2018-12-28', 138, '14:30:00', '15:00:00', 1, 5),
	(3135, 900, '2018-12-28', 139, '15:00:00', '15:30:00', 1, 5),
	(3136, 900, '2018-12-28', 140, '15:30:00', '16:00:00', 1, 5),
	(3137, 900, '2018-12-28', 141, '16:00:00', '16:30:00', 1, 5),
	(3138, 900, '2018-12-28', 142, '16:30:00', '17:00:00', 1, 5),
	(3139, 900, '2018-12-28', 143, '17:00:00', '17:30:00', 1, 5),
	(3140, 900, '2018-12-28', 144, '17:30:00', '18:00:00', 1, 5),
	(3141, 900, '2018-12-28', 145, '09:00:00', '09:30:00', 2, 5),
	(3142, 900, '2018-12-28', 146, '09:30:00', '10:00:00', 2, 5),
	(3143, 900, '2018-12-28', 147, '10:00:00', '10:30:00', 2, 5),
	(3144, 900, '2018-12-28', 148, '10:30:00', '11:00:00', 2, 5),
	(3145, 900, '2018-12-28', 149, '11:00:00', '11:30:00', 2, 5),
	(3146, 900, '2018-12-28', 150, '11:30:00', '12:00:00', 2, 5),
	(3147, 900, '2018-12-28', 151, '12:00:00', '12:30:00', 2, 5),
	(3148, 900, '2018-12-28', 152, '12:30:00', '13:00:00', 2, 5),
	(3149, 900, '2018-12-28', 153, '14:00:00', '14:30:00', 2, 5),
	(3150, 900, '2018-12-28', 154, '14:30:00', '15:00:00', 2, 5),
	(3151, 900, '2018-12-28', 155, '15:00:00', '15:30:00', 2, 5),
	(3152, 900, '2018-12-28', 156, '15:30:00', '16:00:00', 2, 5),
	(3153, 900, '2018-12-28', 157, '16:00:00', '16:30:00', 2, 5),
	(3154, 900, '2018-12-28', 158, '16:30:00', '17:00:00', 2, 5),
	(3155, 900, '2018-12-28', 159, '17:00:00', '17:30:00', 2, 5),
	(3156, 900, '2018-12-28', 160, '17:30:00', '18:00:00', 2, 5);
/*!40000 ALTER TABLE `hos_block` ENABLE KEYS */;

-- 테이블 myvet.hos_board 구조 내보내기
CREATE TABLE IF NOT EXISTS `hos_board` (
  `hos_board_id` int(11) NOT NULL AUTO_INCREMENT,
  `board_code` int(11) NOT NULL,
  `hos_code` int(11) NOT NULL,
  `hos_board_no` int(11) NOT NULL,
  `hos_board_category_code` int(11) NOT NULL,
  `hos_board_title` varchar(100) COLLATE utf8mb4_unicode_ci NOT NULL,
  `hos_board_writer_no` int(11) DEFAULT NULL,
  `hos_board_view_cnt` int(11) NOT NULL DEFAULT '0',
  `hos_board_reg_date` datetime NOT NULL DEFAULT CURRENT_TIMESTAMP,
  `hos_board_delete` char(1) COLLATE utf8mb4_unicode_ci NOT NULL DEFAULT 'N',
  `hos_board_content` varchar(10000) COLLATE utf8mb4_unicode_ci DEFAULT NULL,
  PRIMARY KEY (`hos_board_id`)
) ENGINE=InnoDB AUTO_INCREMENT=19 DEFAULT CHARSET=utf8mb4 COLLATE=utf8mb4_unicode_ci;

-- 테이블 데이터 myvet.hos_board:~6 rows (대략적) 내보내기
/*!40000 ALTER TABLE `hos_board` DISABLE KEYS */;
INSERT INTO `hos_board` (`hos_board_id`, `board_code`, `hos_code`, `hos_board_no`, `hos_board_category_code`, `hos_board_title`, `hos_board_writer_no`, `hos_board_view_cnt`, `hos_board_reg_date`, `hos_board_delete`, `hos_board_content`) VALUES
	(13, 32, 897, 1, 4, '병원 시설이 좋아요.', 68, 0, '2018-12-21 13:48:20', 'N', '<p>정말 좋더라구요</p>'),
	(14, 32, 897, 2, 1, '다음 주 월요일(12/24)은 쉽니다.', 68, 0, '2018-12-21 13:53:16', 'N', '<p>병원 사정 상 쉽니다.</p>'),
	(15, 32, 908, 1, 1, '12/25 크리스마스 정상 진료', 82, 0, '2018-12-23 21:01:18', 'N', '<p>크리스마스에도 정상 진료 합니다.</p>'),
	(16, 32, 908, 2, 2, '크리스마스 용품 할인 이벤트', 82, 0, '2018-12-23 21:02:09', 'N', '<p>할인 이벤트 진행 중입니다.</p>'),
	(17, 32, 908, 3, 3, '미용 - 스파 서비스 개시', 82, 0, '2018-12-23 21:02:52', 'N', '<p>스파 서비스 개시</p>'),
	(18, 32, 908, 4, 4, '아팠던 다리가 싹 나았어요', 82, 0, '2018-12-23 21:03:16', 'N', '');
/*!40000 ALTER TABLE `hos_board` ENABLE KEYS */;

-- 테이블 myvet.hos_board_category_list 구조 내보내기
CREATE TABLE IF NOT EXISTS `hos_board_category_list` (
  `hos_board_category_code` int(11) NOT NULL AUTO_INCREMENT,
  `hos_board_category_name` varchar(50) COLLATE utf8mb4_unicode_ci NOT NULL,
  PRIMARY KEY (`hos_board_category_code`)
) ENGINE=InnoDB AUTO_INCREMENT=5 DEFAULT CHARSET=utf8mb4 COLLATE=utf8mb4_unicode_ci;

-- 테이블 데이터 myvet.hos_board_category_list:~4 rows (대략적) 내보내기
/*!40000 ALTER TABLE `hos_board_category_list` DISABLE KEYS */;
INSERT INTO `hos_board_category_list` (`hos_board_category_code`, `hos_board_category_name`) VALUES
	(1, '공지'),
	(2, '이벤트'),
	(3, '홍보'),
	(4, '후기');
/*!40000 ALTER TABLE `hos_board_category_list` ENABLE KEYS */;

-- 테이블 myvet.hos_board_comment 구조 내보내기
CREATE TABLE IF NOT EXISTS `hos_board_comment` (
  `hos_board_comment_no` int(11) NOT NULL AUTO_INCREMENT,
  `hos_board_id` int(11) NOT NULL,
  `hos_board_comment_writer_no` int(11) DEFAULT NULL,
  `hos_board_comment_content` varchar(5000) COLLATE utf8mb4_unicode_ci NOT NULL,
  `hos_board_comment_reg_date` datetime NOT NULL DEFAULT CURRENT_TIMESTAMP,
  PRIMARY KEY (`hos_board_comment_no`)
) ENGINE=InnoDB DEFAULT CHARSET=utf8mb4 COLLATE=utf8mb4_unicode_ci;

-- 테이블 데이터 myvet.hos_board_comment:~0 rows (대략적) 내보내기
/*!40000 ALTER TABLE `hos_board_comment` DISABLE KEYS */;
/*!40000 ALTER TABLE `hos_board_comment` ENABLE KEYS */;

-- 테이블 myvet.hos_booking 구조 내보내기
CREATE TABLE IF NOT EXISTS `hos_booking` (
  `booking_no` int(11) NOT NULL AUTO_INCREMENT,
  `block_code` int(11) DEFAULT NULL,
  `booking_owner` int(11) NOT NULL,
  `booking_pet` int(11) DEFAULT NULL,
  `confirm` char(1) COLLATE utf8mb4_unicode_ci NOT NULL DEFAULT 'N',
  `finish` char(1) COLLATE utf8mb4_unicode_ci DEFAULT 'N',
  `booking_reg_date` datetime DEFAULT CURRENT_TIMESTAMP,
  `hos_code` varchar(45) COLLATE utf8mb4_unicode_ci DEFAULT NULL,
  PRIMARY KEY (`booking_no`)
) ENGINE=InnoDB AUTO_INCREMENT=211 DEFAULT CHARSET=utf8mb4 COLLATE=utf8mb4_unicode_ci;

-- 테이블 데이터 myvet.hos_booking:~16 rows (대략적) 내보내기
/*!40000 ALTER TABLE `hos_booking` DISABLE KEYS */;
INSERT INTO `hos_booking` (`booking_no`, `block_code`, `booking_owner`, `booking_pet`, `confirm`, `finish`, `booking_reg_date`, `hos_code`) VALUES
	(195, 2136, 68, 22, 'B', 'N', '2018-12-21 15:01:54', '898'),
	(196, 2134, 68, 22, 'Y', 'Y', '2018-12-21 15:02:00', '898'),
	(197, 2149, 68, 22, 'Y', 'N', '2018-12-21 15:02:22', '898'),
	(198, 2357, 68, 22, 'Y', 'Y', '2018-12-21 15:27:58', '908'),
	(199, 2358, 68, 22, 'B', 'N', '2018-12-21 15:28:04', '908'),
	(200, 0, 68, 22, 'R', 'N', '2018-12-23 20:12:50', '898'),
	(201, 2373, 68, 22, 'Y', 'N', '2018-12-23 21:13:07', '908'),
	(202, 2374, 68, 29, 'Y', 'N', '2018-12-23 21:13:10', '908'),
	(203, 2133, 68, 29, 'Y', 'N', '2018-12-24 00:51:34', '898'),
	(204, 2134, 68, 29, 'Y', 'N', '2018-12-24 00:58:24', '898'),
	(205, 2149, 68, 29, 'Y', 'N', '2018-12-24 01:17:30', '898'),
	(206, 2135, 68, 29, 'B', 'Y', '2018-12-24 10:27:10', '898'),
	(207, 2152, 68, 29, 'Y', 'N', '2018-12-24 10:42:43', '898'),
	(208, 2150, 68, 29, 'Y', 'N', '2018-12-24 10:46:54', '898'),
	(209, 2997, 68, 29, 'Y', 'N', '2018-12-24 11:18:35', '900'),
	(210, 2147, 68, 29, 'Y', 'Y', '2018-12-24 15:19:04', '898');
/*!40000 ALTER TABLE `hos_booking` ENABLE KEYS */;

-- 테이블 myvet.hos_chart 구조 내보내기
CREATE TABLE IF NOT EXISTS `hos_chart` (
  `chart_no` int(11) NOT NULL AUTO_INCREMENT,
  `board_code` int(11) NOT NULL DEFAULT '31',
  `booking_no` int(11) DEFAULT NULL,
  `hos_code` int(11) NOT NULL,
  `disease` varchar(100) COLLATE utf8mb4_unicode_ci NOT NULL,
  `vet_no` int(11) NOT NULL,
  `diagnosis` varchar(5000) COLLATE utf8mb4_unicode_ci NOT NULL,
  `warning` varchar(3000) COLLATE utf8mb4_unicode_ci DEFAULT NULL,
  `member_no` int(11) NOT NULL,
  `pet_no` int(11) NOT NULL,
  `next_booking` date DEFAULT NULL,
  `chart_reg_date` datetime NOT NULL DEFAULT CURRENT_TIMESTAMP,
  `chart_edit_date` datetime DEFAULT NULL,
  PRIMARY KEY (`chart_no`)
) ENGINE=InnoDB AUTO_INCREMENT=22 DEFAULT CHARSET=utf8mb4 COLLATE=utf8mb4_unicode_ci;

-- 테이블 데이터 myvet.hos_chart:~4 rows (대략적) 내보내기
/*!40000 ALTER TABLE `hos_chart` DISABLE KEYS */;
INSERT INTO `hos_chart` (`chart_no`, `board_code`, `booking_no`, `hos_code`, `disease`, `vet_no`, `diagnosis`, `warning`, `member_no`, `pet_no`, `next_booking`, `chart_reg_date`, `chart_edit_date`) VALUES
	(18, 31, 196, 898, '피부질환', 65, '소독', '목욕금지', 68, 22, '2018-12-28', '2018-12-21 15:05:55', NULL),
	(19, 31, 198, 908, '감기', 82, '약처방', '초콜렛 금지', 68, 22, '2018-12-28', '2018-12-21 15:30:48', NULL),
	(20, 31, 206, 898, '감기', 65, '약처방', '산책금지', 68, 29, '2018-12-28', '2018-12-24 10:29:36', NULL),
	(21, 31, 210, 898, '골절과 귀염증', 65, '약처방, 기브스', '산책금지', 68, 29, '2018-12-31', '2018-12-24 15:21:30', NULL);
/*!40000 ALTER TABLE `hos_chart` ENABLE KEYS */;

-- 테이블 myvet.hos_facility 구조 내보내기
CREATE TABLE IF NOT EXISTS `hos_facility` (
  `facility_no` int(11) NOT NULL AUTO_INCREMENT,
  `hos_code` int(11) NOT NULL,
  `facility_code` int(11) NOT NULL,
  `facility_bookable` char(1) COLLATE utf8mb4_unicode_ci NOT NULL DEFAULT 'N',
  `staff_no` int(11) DEFAULT NULL,
  `max_booking` int(11) DEFAULT '1',
  PRIMARY KEY (`facility_no`)
) ENGINE=InnoDB AUTO_INCREMENT=198 DEFAULT CHARSET=utf8mb4 COLLATE=utf8mb4_unicode_ci;

-- 테이블 데이터 myvet.hos_facility:~37 rows (대략적) 내보내기
/*!40000 ALTER TABLE `hos_facility` DISABLE KEYS */;
INSERT INTO `hos_facility` (`facility_no`, `hos_code`, `facility_code`, `facility_bookable`, `staff_no`, `max_booking`) VALUES
	(161, 897, 5, 'N', NULL, 1),
	(162, 897, 13, 'N', NULL, 1),
	(163, 897, 15, 'N', NULL, 1),
	(164, 898, 1, 'N', NULL, 1),
	(165, 898, 2, 'N', NULL, 1),
	(166, 898, 3, 'N', NULL, 1),
	(167, 898, 4, 'N', NULL, 1),
	(168, 898, 5, 'N', NULL, 1),
	(169, 898, 6, 'N', NULL, 1),
	(170, 898, 7, 'N', NULL, 1),
	(171, 898, 8, 'N', NULL, 1),
	(172, 908, 1, 'N', NULL, 1),
	(173, 908, 2, 'N', NULL, 1),
	(174, 908, 3, 'N', NULL, 1),
	(175, 908, 4, 'N', NULL, 1),
	(176, 908, 5, 'N', NULL, 1),
	(177, 908, 6, 'N', NULL, 1),
	(178, 900, 1, 'N', NULL, 1),
	(179, 900, 2, 'N', NULL, 1),
	(180, 900, 3, 'N', NULL, 1),
	(181, 900, 4, 'N', NULL, 1),
	(182, 900, 5, 'N', NULL, 1),
	(183, 900, 6, 'N', NULL, 1),
	(184, 980, 1, 'N', NULL, 1),
	(185, 980, 2, 'N', NULL, 1),
	(186, 980, 3, 'N', NULL, 1),
	(187, 980, 4, 'N', NULL, 1),
	(188, 980, 5, 'N', NULL, 1),
	(189, 980, 6, 'N', NULL, 1),
	(190, 980, 7, 'N', NULL, 1),
	(191, 980, 8, 'N', NULL, 1),
	(192, 980, 9, 'N', NULL, 1),
	(193, 980, 10, 'N', NULL, 1),
	(194, 980, 13, 'N', NULL, 1),
	(195, 980, 14, 'N', NULL, 1),
	(196, 980, 15, 'N', NULL, 1),
	(197, 980, 16, 'N', NULL, 1);
/*!40000 ALTER TABLE `hos_facility` ENABLE KEYS */;

-- 테이블 myvet.hos_facilitylist 구조 내보내기
CREATE TABLE IF NOT EXISTS `hos_facilitylist` (
  `facility_code` int(11) NOT NULL AUTO_INCREMENT,
  `facility_name` varchar(100) COLLATE utf8mb4_unicode_ci NOT NULL,
  PRIMARY KEY (`facility_code`)
) ENGINE=InnoDB AUTO_INCREMENT=20 DEFAULT CHARSET=utf8mb4 COLLATE=utf8mb4_unicode_ci;

-- 테이블 데이터 myvet.hos_facilitylist:~19 rows (대략적) 내보내기
/*!40000 ALTER TABLE `hos_facilitylist` DISABLE KEYS */;
INSERT INTO `hos_facilitylist` (`facility_code`, `facility_name`) VALUES
	(1, '24시 진료'),
	(2, '365일 진료'),
	(3, '야간 진료'),
	(4, '모든 동물 진료'),
	(5, '수술실 보유'),
	(6, '미용실 보유'),
	(7, '놀이방 보유'),
	(8, '호텔 보유'),
	(9, '입원실 보유'),
	(10, '애견스파 시설 보유'),
	(11, '교배 관리 가능'),
	(12, '각종 용품 판매'),
	(13, '모든 접종 가능'),
	(14, '주차장 보유'),
	(15, '강아지 전문병원'),
	(16, '고양이 전문병원'),
	(17, '픽업 서비스 가능'),
	(18, '유기동물 보호센터'),
	(19, '전화 예약 가능');
/*!40000 ALTER TABLE `hos_facilitylist` ENABLE KEYS */;

-- 테이블 myvet.hos_hours 구조 내보내기
CREATE TABLE IF NOT EXISTS `hos_hours` (
  `hours_no` int(11) NOT NULL AUTO_INCREMENT,
  `hos_code` int(11) NOT NULL,
  `open_day` int(11) NOT NULL,
  `open_time` time DEFAULT NULL,
  `close_time` time DEFAULT NULL,
  `dayoff` char(1) COLLATE utf8mb4_unicode_ci DEFAULT NULL,
  PRIMARY KEY (`hours_no`)
) ENGINE=InnoDB AUTO_INCREMENT=8 DEFAULT CHARSET=utf8mb4 COLLATE=utf8mb4_unicode_ci;

-- 테이블 데이터 myvet.hos_hours:~5 rows (대략적) 내보내기
/*!40000 ALTER TABLE `hos_hours` DISABLE KEYS */;
INSERT INTO `hos_hours` (`hours_no`, `hos_code`, `open_day`, `open_time`, `close_time`, `dayoff`) VALUES
	(3, 2, 7, NULL, NULL, 'Y'),
	(4, 518, 1, NULL, NULL, 'Y'),
	(5, 518, 2, NULL, NULL, 'Y'),
	(6, 518, 3, NULL, NULL, 'Y'),
	(7, 518, 4, NULL, NULL, 'Y');
/*!40000 ALTER TABLE `hos_hours` ENABLE KEYS */;

-- 테이블 myvet.hos_noshow 구조 내보내기
CREATE TABLE IF NOT EXISTS `hos_noshow` (
  `noshow_no` int(11) NOT NULL AUTO_INCREMENT,
  `noshow_person` int(11) NOT NULL,
  `noshow_pet` int(11) NOT NULL,
  `booking_no` int(11) NOT NULL,
  PRIMARY KEY (`noshow_no`)
) ENGINE=InnoDB DEFAULT CHARSET=utf8mb4 COLLATE=utf8mb4_unicode_ci;

-- 테이블 데이터 myvet.hos_noshow:~0 rows (대략적) 내보내기
/*!40000 ALTER TABLE `hos_noshow` DISABLE KEYS */;
/*!40000 ALTER TABLE `hos_noshow` ENABLE KEYS */;

-- 테이블 myvet.hos_review 구조 내보내기
CREATE TABLE IF NOT EXISTS `hos_review` (
  `review_no` int(11) NOT NULL AUTO_INCREMENT,
  `hos_code` int(11) NOT NULL,
  `review_content` varchar(1000) COLLATE utf8mb4_unicode_ci NOT NULL,
  `review_point` int(11) NOT NULL,
  `review_writer_no` int(11) NOT NULL,
  `review_reg_date` datetime NOT NULL DEFAULT CURRENT_TIMESTAMP,
  `board_code` int(11) NOT NULL,
  PRIMARY KEY (`review_no`)
) ENGINE=InnoDB DEFAULT CHARSET=utf8mb4 COLLATE=utf8mb4_unicode_ci;

-- 테이블 데이터 myvet.hos_review:~0 rows (대략적) 내보내기
/*!40000 ALTER TABLE `hos_review` DISABLE KEYS */;
/*!40000 ALTER TABLE `hos_review` ENABLE KEYS */;

-- 테이블 myvet.hos_staff 구조 내보내기
CREATE TABLE IF NOT EXISTS `hos_staff` (
  `staff_no` int(11) NOT NULL AUTO_INCREMENT,
  `hos_code` int(11) NOT NULL,
  `staff_member_no` int(11) NOT NULL,
  `staff_reg_date` datetime NOT NULL DEFAULT CURRENT_TIMESTAMP,
  `staff_title` varchar(100) COLLATE utf8mb4_unicode_ci NOT NULL,
  `hos_admin` char(1) COLLATE utf8mb4_unicode_ci NOT NULL DEFAULT 'N',
  `confirm` char(1) COLLATE utf8mb4_unicode_ci NOT NULL DEFAULT 'N',
  PRIMARY KEY (`staff_no`)
) ENGINE=InnoDB AUTO_INCREMENT=28 DEFAULT CHARSET=utf8mb4 COLLATE=utf8mb4_unicode_ci;

-- 테이블 데이터 myvet.hos_staff:~9 rows (대략적) 내보내기
/*!40000 ALTER TABLE `hos_staff` DISABLE KEYS */;
INSERT INTO `hos_staff` (`staff_no`, `hos_code`, `staff_member_no`, `staff_reg_date`, `staff_title`, `hos_admin`, `confirm`) VALUES
	(19, 897, 65, '2018-12-21 13:02:30', '수의사', 'Y', 'Y'),
	(20, 898, 65, '2018-12-21 14:53:25', '수의사', 'Y', 'Y'),
	(21, 908, 82, '2018-12-21 15:22:41', '수의사', 'Y', 'Y'),
	(22, 908, 83, '2018-12-23 20:57:57', '신규 직원', 'N', 'N'),
	(23, 898, 85, '2018-12-24 10:23:46', '신규 직원', 'N', 'N'),
	(24, 899, 85, '2018-12-24 11:09:04', '수의사', 'Y', 'Y'),
	(25, 897, 85, '2018-12-24 11:13:49', '신규 직원', 'N', 'N'),
	(26, 900, 85, '2018-12-24 11:16:42', '수의사', 'Y', 'Y'),
	(27, 980, 86, '2018-12-24 15:15:23', '수의사', 'Y', 'Y');
/*!40000 ALTER TABLE `hos_staff` ENABLE KEYS */;

-- 프로시저 myvet.loopInsert 구조 내보내기
DELIMITER //
CREATE DEFINER=`myvet`@`%` PROCEDURE `loopInsert`()
BEGIN
    DECLARE i INT DEFAULT 1;
        
    WHILE (i <= 500) DO
        INSERT INTO notice(notice_title, notice_writer, notice_content)
          VALUES(concat('제목',i), 1, concat('내용',i));
        SET i = i + 1;
    END WHILE;
END//
DELIMITER ;

-- 테이블 myvet.member 구조 내보내기
CREATE TABLE IF NOT EXISTS `member` (
  `member_no` int(11) NOT NULL AUTO_INCREMENT,
  `member_email` varchar(50) COLLATE utf8mb4_unicode_ci NOT NULL,
  `password` varchar(100) COLLATE utf8mb4_unicode_ci NOT NULL,
  `member_grade` char(1) COLLATE utf8mb4_unicode_ci NOT NULL,
  `member_name` varchar(50) COLLATE utf8mb4_unicode_ci NOT NULL,
  `member_phone` varchar(15) COLLATE utf8mb4_unicode_ci NOT NULL,
  `member_nickname` varchar(50) COLLATE utf8mb4_unicode_ci DEFAULT NULL,
  `hos_code` int(11) DEFAULT NULL,
  `member_career` varchar(1000) COLLATE utf8mb4_unicode_ci DEFAULT NULL,
  `mailing_opt` char(1) COLLATE utf8mb4_unicode_ci DEFAULT NULL,
  `member_ori_name` varchar(50) COLLATE utf8mb4_unicode_ci DEFAULT NULL,
  `member_sys_name` varchar(500) COLLATE utf8mb4_unicode_ci DEFAULT NULL,
  `member_file_path` varchar(50) COLLATE utf8mb4_unicode_ci DEFAULT NULL,
  `member_file_size` int(11) DEFAULT NULL,
  `member_file_reg_date` datetime DEFAULT CURRENT_TIMESTAMP,
  PRIMARY KEY (`member_no`)
) ENGINE=InnoDB AUTO_INCREMENT=87 DEFAULT CHARSET=utf8mb4 COLLATE=utf8mb4_unicode_ci;

-- 테이블 데이터 myvet.member:~23 rows (대략적) 내보내기
/*!40000 ALTER TABLE `member` DISABLE KEYS */;
INSERT INTO `member` (`member_no`, `member_email`, `password`, `member_grade`, `member_name`, `member_phone`, `member_nickname`, `hos_code`, `member_career`, `mailing_opt`, `member_ori_name`, `member_sys_name`, `member_file_path`, `member_file_size`, `member_file_reg_date`) VALUES
	(3, 'admin@myvet.com', '$2a$10$9YrX4K2pFxRrEzHyfQ.FZeGwPYPxWK5O9gNZlVKTFTctrEh3VaZHu', 'A', '관리자', '010-0000-0000', '관리자', NULL, NULL, NULL, 'default-admin-profile.jpg', 'default-admin-profile.jpg', '/profile', NULL, '2018-11-26 11:17:17'),
	(65, 'vet1@vet1.com', '$2a$10$2n5fS/2ISXWCiv74Bgyfze90MIagY.hqu7i3C4ZR/pLUjt5MULZI6', 'V', '유능한', '123123123', 'VDoctor', 898, '\n	                			드림 동물병원 병원장\n		                	', NULL, 'Screen Shot 2018-12-24 at 09.46.17.jpg', 'c2997795-f797-47b9-a3f0-81901cd56201_Screen Shot 2018-12-24 at 09.46.17.jpg', '/profile', 51450, '2018-12-21 12:46:11'),
	(66, 'user1@user1.do', '$2a$10$sUZUYvr0zZA.NaCdkjZIBuVnQI4RD2FMMtUkWOEWXPDv18KN6d38C', 'U', '홍길동', '123123', '공부하자', NULL, NULL, NULL, '205B1D144CE5E2EE1A.jpeg', '7406e859-a36c-4f17-a13a-35dc2ac01754_205B1D144CE5E2EE1A.jpeg', '/profile', 92847, '2018-12-21 12:47:22'),
	(67, 'user2@user2.do', '$2a$10$5JS.x3gBPSJkBnBqVm0G8.5GNHxYuBP1nChZazCdky..suvLRQzzq', 'U', '이성계', '123123123', '왕의길', NULL, NULL, NULL, '1137235_5d83_625x1000.jpg', 'd8ffb5bc-29a3-4420-9027-339f64be0bb9_1137235_5d83_625x1000.jpg', '/profile', 86546, '2018-12-21 13:06:52'),
	(68, 'curogom@gmail.com', '$2a$10$ZfBCvrwqS2BphL2womnHL.OxF6/7o5EVbf554ndnkvXPDBl3/7IHG', 'U', '유병욱', '01000000000', 'Gom', NULL, NULL, NULL, '2015050316320288076_1.jpg', '38e49ee0-0ea5-4bd7-af19-316e602a025f_2015050316320288076_1.jpg', '/profile', 10854, '2018-12-21 13:42:40'),
	(69, 'user3@user3.do', '$2a$10$fRz1I6Bxpo5RM.TnUy7sve6FBaaFJDe.zAEF.yyWQmf8g92svmn4i', 'U', '조관우', '123123123', '관운장', NULL, NULL, NULL, '다운로드 (1).jpg', 'dba15e84-4b39-4534-9465-204dcae5d0cd_다운로드 (1).jpg', '/profile', 15224, '2018-12-21 13:47:15'),
	(70, 'joe@joe', '$2a$10$Zm66/WZt14Ajyj6RDeiLWOk2Zi6H5Nc//O4yJuMtzqcP7ZyyISOve', 'U', 'joe', '01000000000', '포니', NULL, NULL, NULL, '20171017_140350.jpg', '0c919a35-b294-494b-ba8a-080680fc7674_20171017_140350.jpg', '/profile', 2739972, '2018-12-21 13:56:58'),
	(71, 'user4@user4.do', '$2a$10$.xyC8y1M5VJkT97jueHXJO8XuVlRfw8u13X3wTbO8rhfE776hCDuC', 'U', '조명우', '123123', 'birdLight', NULL, NULL, NULL, 'p1.jpg', 'c5aed0ab-155b-4f64-b2dd-2852287c84f3_p1.jpg', '/profile', 5621, '2018-12-21 14:07:36'),
	(72, 'user5@user5.do', '$2a$10$AxDJoU1M7uIQhxBPZqgg0u3KwVKQG9tku4v3TkdGMWYyeP9MhhiPK', 'U', '조명환', '123123', 'BulbMedicine', NULL, NULL, NULL, 'people2.jpg', '5bb05264-6e09-4a87-96c1-4055b884bab7_people2.jpg', '/profile', 9781, '2018-12-21 14:09:54'),
	(73, 'user7@user7.do', '$2a$10$dtE3fURgqpkkSOU9gF/fi.63xYklXqnWzUBhSodwDKz82DiKQQD0m', 'U', '김병만', '123123', '달인', NULL, NULL, NULL, 'breathing-problems-cat-dog-183155428_0.png', 'd502c3c0-07a7-4397-99c2-e5d010031c1c_breathing-problems-cat-dog-183155428_0.png', '/profile', 1013319, '2018-12-21 14:31:09'),
	(74, 'jay@jay.do', '$2a$10$YJMNF51LEJNJ/HdkuVxjLeyubKcA7bG/lhyirE57ybzEdWFavJWk6', 'U', '용용', '01000000000', '용용', NULL, NULL, NULL, 'SCC5256-BLACK-AT-DESIGN.jpg', 'a80fba20-3d81-4290-ad55-bc4b9cc1a085_SCC5256-BLACK-AT-DESIGN.jpg', '/profile', 280738, '2018-12-21 14:35:37'),
	(75, 'user6@user6.do', '$2a$10$4Ap6pd7bjzHGINa6yFEAOu./W9C1Q78/uz0yKioOVAQH0lfYnnh9O', 'U', '최상현', '123123', '강아지천사', NULL, NULL, NULL, 'boss-11.jpg', '035a0452-f692-42eb-a9fa-471edf626d09_boss-11.jpg', '/profile', 633273, '2018-12-21 14:43:45'),
	(76, 'user8@user8.do', '$2a$10$q49cybAs5IFUYGNbhd4f7uLH21wQxsg.VjFswFW7MR6RzTL80CGi2', 'U', '조용제', '515134124', '미남입니다', NULL, NULL, NULL, 'default-member-profile.jpg', 'default-member-profile.jpg', '/profile', NULL, '2018-12-21 14:45:51'),
	(77, 'vet1@vet1.do', '$2a$10$Ua0WWPoDyTGh9do4mRVSVuBw/8YcYlMbMhRxmTfdRaRnvroeHAUEC', 'P', '참의사', '12123123', '귀여운강아지들', NULL, NULL, NULL, 'default-hospital-profile.png', 'default-hospital-profile.png', '/profile', NULL, '2018-12-21 14:57:13'),
	(78, 'user11@user11.do', '$2a$10$oXcbE/mNuPcWryIsOLcX5.Gx3BWKmN4B9C7t.l6w8ua8rLtIE4kmq', 'S', '이현주', '123123123', '귀여운고양이들', NULL, NULL, NULL, 'images (1).jpg', 'e5d4a239-91b8-4a9f-b9f7-24b835311ded_images (1).jpg', '/profile', 5354, '2018-12-21 14:58:16'),
	(79, 'user12@user12.do', '$2a$10$sLiHXaPHKZzaXyyeXHG51e0uZh6.Y5JZXNr8h9SvaYVTBEujvz5Iu', 'U', '최창유', '123123123', '째쨩', NULL, NULL, NULL, 'default-member-profile.jpg', 'default-member-profile.jpg', '/profile', NULL, '2018-12-21 15:05:17'),
	(80, 'user13@user13.do', '$2a$10$OcPOiTFuECbi8WnKuMHN4u9iOYFDHMYrT109K7uBgG7FZ6ueZz3EW', 'U', '이상혁', '123123123', '무무', NULL, NULL, NULL, 'cat-care_urine-marking_main-image.jpg', '6110ab17-6665-45cf-a096-551e4eaf33c5_cat-care_urine-marking_main-image.jpg', '/profile', 480636, '2018-12-21 15:08:26'),
	(81, 'user15@user15.do', '$2a$10$780Xbe4SWkAZoruCcnLQgubuwqNvWDtJtW04F9SJX/jRoDTpTCmjO', 'U', '홍진호', '123123123', '이인자', NULL, NULL, NULL, 'default-member-profile.jpg', 'default-member-profile.jpg', '/profile', NULL, '2018-12-21 15:11:02'),
	(82, 'vet2@vet2.com', '$2a$10$z5.p0Z1Ax4QKQflgZfCx2uOopSnL6.vK3gbD2LHfVluWHmh8i7MrC', 'V', '이이사', '01000011111', 'vetLee', NULL, NULL, NULL, 'default-hospital-profile.png', 'default-hospital-profile.png', '/profile', NULL, '2018-12-21 15:20:01'),
	(83, 'teststaff@myvet.com', '$2a$10$7weWrT2q3cJw47/ZauyaiO9qziazk2QT4ga36GihxGeB30Tg23emO', 'S', '테스트 직원', '01000000000', '테스트 직원', NULL, NULL, NULL, 'default-hospital-profile.png', 'default-hospital-profile.png', '/profile', NULL, '2018-12-23 20:57:32'),
	(84, 'aaronpa@choi.com', '$2a$10$HrftMmZySaO0DoGMAEcGGu0grre5ndgn0XEi4S5tSyVekGeiZHXy.', 'U', '최원영', '123456789', 'aaronpa', NULL, NULL, NULL, 'Terry11.jpg', 'e0598962-9709-40e1-bb34-b53d31fe5249_Terry11.jpg', '/profile', 149874, '2018-12-24 10:06:16'),
	(85, 'vet3@vet3.com', '$2a$10$nI3a79rLPpea1KZ9kUhaveLxhmM6zxb6d2IERK3plg9So6NrD7Bki', 'V', '김닥터', '010123456789', 'vetkim', 900, '누리봄 동물병원 원장&nbsp;\n		                	', NULL, 'default-hospital-profile.png', 'default-hospital-profile.png', '/profile', NULL, '2018-12-24 10:21:06'),
	(86, 'vet@vet.com', '$2a$10$izJ3oEAHVRbRp2wa3PbR1u0.62OiUye7G5Z1.DF6emOhbxQ3.rfXS', 'V', '이수의', '01011111111', 'vet Lee', 980, '아토즈 동물병원 원장<div><br></div>', NULL, 'default-hospital-profile.png', 'default-hospital-profile.png', '/profile', NULL, '2018-12-24 15:11:44');
/*!40000 ALTER TABLE `member` ENABLE KEYS */;

-- 테이블 myvet.message 구조 내보내기
CREATE TABLE IF NOT EXISTS `message` (
  `msg_id` int(11) NOT NULL AUTO_INCREMENT,
  `chat_id` int(11) NOT NULL,
  `sender_no` int(11) NOT NULL,
  `msg_body` varchar(1000) COLLATE utf8mb4_unicode_ci DEFAULT NULL,
  `date_sent` datetime DEFAULT CURRENT_TIMESTAMP,
  `msg_type` int(11) NOT NULL,
  PRIMARY KEY (`msg_id`)
) ENGINE=InnoDB AUTO_INCREMENT=226 DEFAULT CHARSET=utf8mb4 COLLATE=utf8mb4_unicode_ci;

-- 테이블 데이터 myvet.message:~22 rows (대략적) 내보내기
/*!40000 ALTER TABLE `message` DISABLE KEYS */;
INSERT INTO `message` (`msg_id`, `chat_id`, `sender_no`, `msg_body`, `date_sent`, `msg_type`) VALUES
	(194, 135, 65, '안녕하세요 ^^ 친하게 지냈으면 좋겠습니다 ^^', '2018-12-21 14:48:25', 1),
	(195, 136, 78, '안녕하세요 ^^', '2018-12-21 14:58:41', 1),
	(196, 137, 898, '<span style=\'font-weight: bold;\'>유병욱</span>님의 <span style=\'font-weight: bold;\'>드림 동물병원</span>에 2018-12-24 10:30 <span style=\'font-weight: bold;\'>블랑</span>의 <span style=\'font-weight: bold;\'>진료</span>예약이 <span style=\'font-weight: bold;\'>병원 사정 상 취소</span> 되었습니다.', '2018-12-21 15:02:50', 4),
	(197, 138, 898, '<span style=\'font-weight: bold;\'>유병욱</span>님의 <span style=\'font-weight: bold;\'>드림 동물병원</span>에 2018-12-24 09:30 <span style=\'font-weight: bold;\'>블랑</span>의 <span style=\'font-weight: bold;\'>진료</span>예약이 <span style=\'font-weight: bold;\'>확정</span> 되었습니다.', '2018-12-21 15:02:55', 3),
	(198, 139, 898, '<span style=\'font-weight: bold;\'>유병욱</span>님의 <span style=\'font-weight: bold;\'>드림 동물병원</span>에 2018-12-24 09:00 <span style=\'font-weight: bold;\'>블랑</span>의 <span style=\'font-weight: bold;\'>진료</span>예약이 <span style=\'font-weight: bold;\'>확정</span> 되었습니다.', '2018-12-21 15:02:58', 3),
	(199, 140, 68, 'hello', '2018-12-21 15:07:34', 1),
	(200, 141, 908, '<span style=\'font-weight: bold;\'>유병욱</span>님의 <span style=\'font-weight: bold;\'>ATOZ 동물병원</span>에 2018-12-21 09:00 <span style=\'font-weight: bold;\'>블랑</span>의 <span style=\'font-weight: bold;\'>진료</span>예약이 <span style=\'font-weight: bold;\'>확정</span> 되었습니다.', '2018-12-21 15:28:30', 3),
	(201, 142, 908, '<span style=\'font-weight: bold;\'>유병욱</span>님의 <span style=\'font-weight: bold;\'>ATOZ 동물병원</span>에 2018-12-21 10:00 <span style=\'font-weight: bold;\'>블랑</span>의 <span style=\'font-weight: bold;\'>진료</span>예약이 <span style=\'font-weight: bold;\'>병원 사정 상 취소</span> 되었습니다.', '2018-12-21 15:28:35', 4),
	(202, 140, 68, 'hi', '2018-12-21 15:33:26', 1),
	(206, 144, 908, '<span style=\'font-weight: bold;\'>유병욱</span>님의 <span style=\'font-weight: bold;\'>ATOZ 동물병원</span>에 2018-12-24 09:00 <span style=\'font-weight: bold;\'>블랑</span>의 <span style=\'font-weight: bold;\'>진료</span>예약이 <span style=\'font-weight: bold;\'>확정</span> 되었습니다.', '2018-12-23 21:13:49', 3),
	(207, 145, 908, '<span style=\'font-weight: bold;\'>유병욱</span>님의 <span style=\'font-weight: bold;\'>ATOZ 동물병원</span>에 2018-12-24 10:00 <span style=\'font-weight: bold;\'>쮸</span>의 <span style=\'font-weight: bold;\'>진료</span>예약이 <span style=\'font-weight: bold;\'>확정</span> 되었습니다.', '2018-12-23 21:13:54', 3),
	(208, 146, 898, '<span style=\'font-weight: bold;\'>유병욱</span>님의 <span style=\'font-weight: bold;\'>드림 동물병원</span>에 2018-12-24 09:00 <span style=\'font-weight: bold;\'>쮸</span>의 <span style=\'font-weight: bold;\'>진료</span>예약이 <span style=\'font-weight: bold;\'>확정</span> 되었습니다.', '2018-12-24 00:53:23', 3),
	(209, 147, 898, '<span style=\'font-weight: bold;\'>유병욱</span>님의 <span style=\'font-weight: bold;\'>드림 동물병원</span>에 2018-12-24 09:30 <span style=\'font-weight: bold;\'>쮸</span>의 <span style=\'font-weight: bold;\'>진료</span>예약이 <span style=\'font-weight: bold;\'>확정</span> 되었습니다.', '2018-12-24 00:59:05', 3),
	(210, 147, 898, '<span style=\'font-weight: bold;\'>유병욱</span>님의 <span style=\'font-weight: bold;\'>드림 동물병원</span>에 2018-12-24 09:00 <span style=\'font-weight: bold;\'>쮸</span>의 <span style=\'font-weight: bold;\'>미용</span>예약이 <span style=\'font-weight: bold;\'>확정</span> 되었습니다.', '2018-12-24 01:18:06', 3),
	(214, 147, 68, '흠', '2018-12-24 02:07:10', 1),
	(215, 147, 898, '<span style=\'font-weight: bold;\'>유병욱</span>님의 <span style=\'font-weight: bold;\'>드림 동물병원</span>에 2018-12-24 09:30 <span style=\'font-weight: bold;\'>쮸</span>의 <span style=\'font-weight: bold;\'>미용</span>예약이 <span style=\'font-weight: bold;\'>병원 사정 상 취소</span> 되었습니다.', '2018-12-24 11:07:29', 4),
	(216, 147, 898, '<span style=\'font-weight: bold;\'>유병욱</span>님의 <span style=\'font-weight: bold;\'>드림 동물병원</span>에 2018-12-24 09:30 <span style=\'font-weight: bold;\'>쮸</span>의 <span style=\'font-weight: bold;\'>미용</span>예약이 <span style=\'font-weight: bold;\'>확정</span> 되었습니다.', '2018-12-24 11:07:33', 3),
	(217, 148, 900, '<span style=\'font-weight: bold;\'>유병욱</span>님의 <span style=\'font-weight: bold;\'>누리봄 동물병원</span>에 2018-12-24 09:00 <span style=\'font-weight: bold;\'>쮸</span>의 <span style=\'font-weight: bold;\'>진료</span>예약이 <span style=\'font-weight: bold;\'>병원 사정 상 취소</span> 되었습니다.', '2018-12-24 11:20:08', 4),
	(218, 148, 900, '<span style=\'font-weight: bold;\'>유병욱</span>님의 <span style=\'font-weight: bold;\'>누리봄 동물병원</span>에 2018-12-24 09:00 <span style=\'font-weight: bold;\'>쮸</span>의 <span style=\'font-weight: bold;\'>진료</span>예약이 <span style=\'font-weight: bold;\'>확정</span> 되었습니다.', '2018-12-24 11:26:13', 3),
	(223, 150, 3, '마이벳의 회원 가입을 축하드리고 환영합니다! ', '2018-12-24 14:49:41', 1),
	(224, 151, 66, '쮸 잘꺼요? 아픈데 없규?', '2018-12-24 14:57:38', 1),
	(225, 0, 898, '<span style=\'font-weight: bold;\'>유병욱</span>님의 <span style=\'font-weight: bold;\'>드림 동물병원</span>에 2018-12-24 17:00 <span style=\'font-weight: bold;\'>쮸</span>의 <span style=\'font-weight: bold;\'>진료</span>예약이 <span style=\'font-weight: bold;\'>확정</span> 되었습니다.', '2018-12-24 15:19:33', 3);
/*!40000 ALTER TABLE `message` ENABLE KEYS */;

-- 테이블 myvet.message_ignore 구조 내보내기
CREATE TABLE IF NOT EXISTS `message_ignore` (
  `ignore_no` int(11) NOT NULL AUTO_INCREMENT,
  `member_no` int(11) NOT NULL,
  `target_member_no` int(11) NOT NULL,
  PRIMARY KEY (`ignore_no`)
) ENGINE=InnoDB DEFAULT CHARSET=utf8mb4 COLLATE=utf8mb4_unicode_ci;

-- 테이블 데이터 myvet.message_ignore:~0 rows (대략적) 내보내기
/*!40000 ALTER TABLE `message_ignore` DISABLE KEYS */;
/*!40000 ALTER TABLE `message_ignore` ENABLE KEYS */;

-- 테이블 myvet.message_type 구조 내보내기
CREATE TABLE IF NOT EXISTS `message_type` (
  `type_id` int(11) NOT NULL,
  `type` varchar(100) COLLATE utf8mb4_unicode_ci NOT NULL,
  PRIMARY KEY (`type_id`)
) ENGINE=InnoDB DEFAULT CHARSET=utf8mb4 COLLATE=utf8mb4_unicode_ci;

-- 테이블 데이터 myvet.message_type:~5 rows (대략적) 내보내기
/*!40000 ALTER TABLE `message_type` DISABLE KEYS */;
INSERT INTO `message_type` (`type_id`, `type`) VALUES
	(1, 'Message Among Members'),
	(2, 'Announcement'),
	(3, 'Appointment Acceptance Notification'),
	(4, 'Appointment Reject Notification'),
	(5, 'Message Between Member and Hospital');
/*!40000 ALTER TABLE `message_type` ENABLE KEYS */;

-- 테이블 myvet.notice 구조 내보내기
CREATE TABLE IF NOT EXISTS `notice` (
  `notice_no` int(11) NOT NULL AUTO_INCREMENT,
  `notice_title` varchar(100) COLLATE utf8mb4_unicode_ci NOT NULL,
  `notice_writer` int(11) DEFAULT NULL,
  `notice_reg_date` datetime DEFAULT CURRENT_TIMESTAMP,
  `notice_view_cnt` int(11) DEFAULT '0',
  `notice_content` varchar(5000) COLLATE utf8mb4_unicode_ci NOT NULL,
  `temp_save` int(11) DEFAULT '0',
  PRIMARY KEY (`notice_no`)
) ENGINE=InnoDB AUTO_INCREMENT=516 DEFAULT CHARSET=utf8mb4 COLLATE=utf8mb4_unicode_ci;

-- 테이블 데이터 myvet.notice:~3 rows (대략적) 내보내기
/*!40000 ALTER TABLE `notice` DISABLE KEYS */;
INSERT INTO `notice` (`notice_no`, `notice_title`, `notice_writer`, `notice_reg_date`, `notice_view_cnt`, `notice_content`, `temp_save`) VALUES
	(513, '[공지] myVet 정식 오픈 안내', 3, '2018-12-21 15:10:11', 1, '<p>myVet 서비스가 정식 오픈되었습니다.</p><p>많은 사용 바랍니다!</p>', 0),
	(514, '[서버점검] 2018.12.31~1.1 서버 점검 안내', 3, '2018-12-21 15:11:33', 0, '<p>2018.12.31~1.1 서버 점검 안내에 따른 사이트 사용</p><p>해당기간에는 서버 접속이 불가하오니 참고하시가 바랍니다.&nbsp;</p>', 0),
	(515, '[공지] 이벤트', 3, '2018-12-21 15:12:12', 0, '<p>이벤트 진행.....</p>', 1);
/*!40000 ALTER TABLE `notice` ENABLE KEYS */;

-- 테이블 myvet.pet 구조 내보내기
CREATE TABLE IF NOT EXISTS `pet` (
  `pet_no` int(11) NOT NULL AUTO_INCREMENT,
  `member_no` int(11) NOT NULL,
  `pet_name` varchar(20) COLLATE utf8mb4_unicode_ci NOT NULL,
  `pet_reg_no` varchar(20) COLLATE utf8mb4_unicode_ci DEFAULT NULL,
  `species` varchar(20) COLLATE utf8mb4_unicode_ci NOT NULL,
  `breed` varchar(30) COLLATE utf8mb4_unicode_ci DEFAULT NULL,
  `size` char(1) COLLATE utf8mb4_unicode_ci DEFAULT NULL,
  `pet_gender` char(1) COLLATE utf8mb4_unicode_ci DEFAULT NULL,
  `pet_age` int(11) DEFAULT NULL,
  `weight` int(11) DEFAULT NULL,
  `remark` varchar(4000) COLLATE utf8mb4_unicode_ci DEFAULT NULL,
  `pet_ori_name` varchar(500) COLLATE utf8mb4_unicode_ci DEFAULT NULL,
  `pet_sys_name` varchar(500) COLLATE utf8mb4_unicode_ci DEFAULT NULL,
  `pet_file_path` varchar(50) COLLATE utf8mb4_unicode_ci DEFAULT NULL,
  `pet_file_size` int(11) DEFAULT NULL,
  `pet_file_reg_date` datetime DEFAULT CURRENT_TIMESTAMP,
  `petcol` varchar(45) COLLATE utf8mb4_unicode_ci DEFAULT NULL,
  PRIMARY KEY (`pet_no`)
) ENGINE=InnoDB AUTO_INCREMENT=34 DEFAULT CHARSET=utf8mb4 COLLATE=utf8mb4_unicode_ci;

-- 테이블 데이터 myvet.pet:~12 rows (대략적) 내보내기
/*!40000 ALTER TABLE `pet` DISABLE KEYS */;
INSERT INTO `pet` (`pet_no`, `member_no`, `pet_name`, `pet_reg_no`, `species`, `breed`, `size`, `pet_gender`, `pet_age`, `weight`, `remark`, `pet_ori_name`, `pet_sys_name`, `pet_file_path`, `pet_file_size`, `pet_file_reg_date`, `petcol`) VALUES
	(22, 68, '블랑', '123456789', 'dog', '푸들', 's', 'f', 5, 4, '특이사항 없음', '20180124_234319097_iOS.jpg', 'd7ea8585-8501-4c14-872f-727a8ba9d24f_20180124_234319097_iOS.jpg', '/pet/20181221', 902729, NULL, NULL),
	(23, 66, '흰둥이', '123123', 'dog', '시츄', 's', 'm', 1, 3, '감기를 잘걸립니다.', '4.jpg', '2e79f5c8-e014-4621-8df5-f9d934ae47b7_4.jpg', '/pet/20181221', 76613, NULL, NULL),
	(24, 69, '주인님', '12123', 'cat', '러시안블루', 's', 'm', 3, 2, '특이사항 없음', 'yoyoma_S6dkcEahQqEWW.jpg', '8b789ba3-fca4-4557-a61e-ba4286cd6900_yoyoma_S6dkcEahQqEWW.jpg', '/pet/20181221', 78303, NULL, NULL),
	(25, 78, '냥냥스', '123123', 'dog', '페르시안', 's', 'm', 5, 3, '우리 애는 안물어요', 'yoyoma_S6dkcEahQqEWW.jpg', 'b46e71a3-3088-4aa4-9ee0-afb31f49f5f5_yoyoma_S6dkcEahQqEWW.jpg', '/pet/20181221', 78303, NULL, NULL),
	(26, 81, '귀요미', '123123123', 'cat', '고양이', 's', 'm', 5, 1, '얼굴의 반점이 매우 귀엽답니다.', 'o-WINNNIE-570.jpg', 'a0e1dac8-b539-458a-ad77-faf0801439ad_o-WINNNIE-570.jpg', '/pet/20181221', 41069, NULL, NULL),
	(27, 74, '포니', '111', 'dog', '포메', 's', 'm', 10, 4, '포메라니안', '20171017_140350.jpg', '9db837e2-4fd6-44e7-b21e-01981f21077f_20171017_140350.jpg', '/pet/20181221', 2739972, NULL, NULL),
	(28, 74, '냥냥이', '111', 'cat', '믹스', 's', 'm', 10, 4, '고양이', 'https___blueprint-api-production.s3.amazonaws.com_uploads_card_image_784547_0c47ef8e-b577-4e31-97ab-f604315e050c.jpg', '94987054-5fb9-4380-b573-fbff90af3dda_https___blueprint-api-production.s3.amazonaws.com_uploads_card_image_784547_0c47ef8e-b577-4e31-97ab-f604315e050c.jpg', '/pet/20181221', 243412, NULL, NULL),
	(29, 68, '쮸', '12345567', 'dog', '말티즈', 's', 'm', 6, 3, '약간의 입질이 있음', 'KakaoTalk_20181223_211032496.jpg', '69d679f6-a3f3-4956-8379-d8ed0d4d7a74_KakaoTalk_20181223_211032496.jpg', '/pet/20181223', 110184, NULL, NULL),
	(30, 67, '블랙', '123456789', 'dog', '잡', 's', 'm', 8, 6, '잭블랙의 친구', '1137235_5d83_625x1000.jpg', 'd549728d-e31f-464b-b23f-b0079c0662a2_1137235_5d83_625x1000.jpg', '/pet/20181224', 86546, NULL, NULL),
	(31, 84, '테리', '123456789', 'dog', '아이리쉬 소프트코티드 휘튼 테리어', 'm', 'm', 7, 14, '', 'Terry01.png', '4ebd95fd-68eb-494a-ad60-f8f28d246b94_Terry01.png', '/pet/20181224', 1587773, NULL, NULL),
	(32, 70, '포니', '111', 'dog', '포메', 's', 'm', 10, 4, '개', '20171017_140350.jpg', 'd80a7b31-5286-4f67-86bc-d1a51cb6185a_20171017_140350.jpg', '/pet/20181224', 2739972, NULL, NULL),
	(33, 70, '냥냥이', '111', 'cat', '믹스', 's', 'm', 10, 4, '냐앙', 'images (3).jpg', 'b8c47449-e841-4d2d-baa8-6a7c9a584295_images (3).jpg', '/pet/20181224', 9237, NULL, NULL);
/*!40000 ALTER TABLE `pet` ENABLE KEYS */;

-- 테이블 myvet.pet_vaccine 구조 내보내기
CREATE TABLE IF NOT EXISTS `pet_vaccine` (
  `vaccine_no` int(11) NOT NULL AUTO_INCREMENT,
  `pet_no` int(11) NOT NULL,
  `vaccine_date` datetime NOT NULL DEFAULT CURRENT_TIMESTAMP,
  `vaccine_code` int(11) NOT NULL,
  `next_vaccine` date NOT NULL,
  `member_no` int(11) NOT NULL,
  PRIMARY KEY (`vaccine_no`)
) ENGINE=InnoDB DEFAULT CHARSET=utf8mb4 COLLATE=utf8mb4_unicode_ci;

-- 테이블 데이터 myvet.pet_vaccine:~0 rows (대략적) 내보내기
/*!40000 ALTER TABLE `pet_vaccine` DISABLE KEYS */;
/*!40000 ALTER TABLE `pet_vaccine` ENABLE KEYS */;

-- 테이블 myvet.qna 구조 내보내기
CREATE TABLE IF NOT EXISTS `qna` (
  `qna_no` int(11) NOT NULL AUTO_INCREMENT,
  `board_code` int(11) NOT NULL,
  `title` varchar(300) COLLATE utf8mb4_unicode_ci NOT NULL,
  `writer_no` int(11) NOT NULL,
  `content` varchar(4000) COLLATE utf8mb4_unicode_ci NOT NULL,
  `reg_date` datetime DEFAULT CURRENT_TIMESTAMP,
  `view_cnt` int(11) DEFAULT '0',
  `category_code` int(11) DEFAULT NULL,
  `answered` char(1) COLLATE utf8mb4_unicode_ci DEFAULT 'N',
  PRIMARY KEY (`qna_no`)
) ENGINE=InnoDB AUTO_INCREMENT=390 DEFAULT CHARSET=utf8mb4 COLLATE=utf8mb4_unicode_ci;

-- 테이블 데이터 myvet.qna:~17 rows (대략적) 내보내기
/*!40000 ALTER TABLE `qna` DISABLE KEYS */;
INSERT INTO `qna` (`qna_no`, `board_code`, `title`, `writer_no`, `content`, `reg_date`, `view_cnt`, `category_code`, `answered`) VALUES
	(372, 20, '강아지들은 미용 질문있습니다.', 67, '<p>강아지들 씻겨줄 때 사람들이 사용하는 샤워용품을 그대로 사용해도 될까요?&nbsp;</p><p>반려동물을 처음 키워보는 지라 모르는게 많습니다.</p>', '2018-12-21 13:11:35', 9, 2, 'Y'),
	(373, 20, '강아지들도 생선 먹어도 될까요?', 66, '궁금합니다.', '2018-12-21 13:59:52', 13, 1, 'Y'),
	(374, 20, '질문있습니다.', 67, '<p>사료에 대해서 잘 모르겠습니다.</p><p>품종은 시츄이고 3살입니다.&nbsp;</p><p>어떤 사료를 먹여야 할까요</p>', '2018-12-21 14:04:59', 11, 2, 'Y'),
	(375, 20, '가입인사 드립니다.', 71, '<p>안녕하세요 ^^</p><p><br></p><p>(__) 꾸벅</p>', '2018-12-21 14:08:04', 16, 2, 'Y'),
	(376, 20, '강아지들은 염색하면 피부가 많이 상할까요?', 69, '궁금합니다.', '2018-12-21 14:35:36', 13, 2, 'Y'),
	(377, 20, '안녕하세요 ^^', 76, '10살 또래의 강아지들은 예방 접종을 어떤걸 해야할까요?', '2018-12-21 14:46:31', 7, 1, 'Y'),
	(378, 20, '강아지가 계속 문을 긁어요ㅠ', 71, '<p><img src="/myvet/upload/qna/20181221/3624f6e45be94d99ae56b31f035f8b7d.jpg" style="width: 450px;"></p><p>문짝이 남아나질 않네요 어떻게하죠?</p><p>          </p>', '2018-12-21 14:51:11', 9, 1, 'Y'),
	(379, 20, '고양이가 자꾸 엄마를 물어요ㅠ', 74, '<p><img src="/myvet/upload/qna/20181221/95b2abf35fb24d61b9a9fe6f639bc431.jpg" style="width: 50%;"></p><p>반성해..</p><p>          </p>', '2018-12-21 14:57:31', 5, 2, 'N'),
	(380, 20, '말 안듣는 우리 냥돌이ㅠ', 74, '<p><img src="/myvet/upload/qna/20181221/92441898f30f4d3b9cfbd9f960bc07f0.png" style="width: 50%;"></p><p>맨날 밥상엎어요ㅠ</p><p>          </p>', '2018-12-21 15:05:08', 3, 1, 'N'),
	(381, 20, '강아지들이 먹으면 안되는 음식이 뭐가 있을까요', 79, '궁금합니다 ㅠㅠ', '2018-12-21 15:06:39', 10, 2, 'Y'),
	(382, 20, '강아지 피부가 이상합니다. ㅠㅠ', 73, '<p><img src="/myvet/upload/qna/20181221/e61751903d834db5b453f3f407cb353a.jpg" style="width: 370px;"></p><p>어떤 연고를 발라줘야 할까요 ㅠㅠ 걱정됩니다.</p><p>          </p>', '2018-12-21 18:11:50', 15, 1, 'Y'),
	(384, 20, '귀여운 고양이가 눈물이 많아요 걱정됩니다 ㅠㅠ', 66, '<p><img src="/myvet/upload/qna/20181221/1204647a2f3b4818a340c159183e36a4.png" style="width: 747px;"></p><p>어디 아파서 그런걸까요</p><p>          </p>', '2018-12-21 18:43:52', 12, 1, 'Y'),
	(385, 20, '어린 강아지들 이유식 질문있습니다.', 80, '어린 강아지들도 이유식을 먹일때 따뜻하게해서 먹여야 할까요?', '2018-12-23 23:58:05', 13, 1, 'Y'),
	(386, 20, '아기들 샴푸는 어떤걸 써야 할까요 ', 68, '추천좀 해주세요', '2018-12-24 09:34:38', 9, 2, 'Y'),
	(387, 20, '겨울철 우리 아기들 옷 좀 추천해주세요', 68, '<p><img src="/myvet/upload/qna/20181224/8995f1ca4e9c4072bc13b4f048768806.jpg" style="width: 224px;"></p><p>부탁드립니다 ㅎㅎ</p><p>          </p>', '2018-12-24 09:41:29', 16, 2, 'Y'),
	(388, 20, '동물병원 추천 좀 해주세요', 68, '<p><img src="/myvet/upload/qna/20181224/65d65992122f4202903bfc6f7fe4da77.jpg" style="width: 460px;"></p><p><br></p><p>피부과 전문 병원으로 추천해주세요 ㅠㅠ</p>', '2018-12-24 13:28:35', 6, 1, 'Y'),
	(389, 20, '배변 시트 추천좀 해주세요 ', 68, '<p><img src="/myvet/upload/qna/20181224/ab842b8d54e042178834f5dec2956da9.jpg" style="width: 224px;"><br></p><p><br></p><p><br></p><p><br></p><p>빠른 답변 부탁드립니다&nbsp;</p>', '2018-12-24 13:29:36', 8, 2, 'Y');
/*!40000 ALTER TABLE `qna` ENABLE KEYS */;

-- 테이블 myvet.qna_category_list 구조 내보내기
CREATE TABLE IF NOT EXISTS `qna_category_list` (
  `category_code` int(11) NOT NULL AUTO_INCREMENT,
  `category_name` varchar(50) COLLATE utf8mb4_unicode_ci NOT NULL,
  PRIMARY KEY (`category_code`)
) ENGINE=InnoDB AUTO_INCREMENT=5 DEFAULT CHARSET=utf8mb4 COLLATE=utf8mb4_unicode_ci;

-- 테이블 데이터 myvet.qna_category_list:~2 rows (대략적) 내보내기
/*!40000 ALTER TABLE `qna_category_list` DISABLE KEYS */;
INSERT INTO `qna_category_list` (`category_code`, `category_name`) VALUES
	(1, '애견건강'),
	(2, '애견미용');
/*!40000 ALTER TABLE `qna_category_list` ENABLE KEYS */;

-- 테이블 myvet.qna_comment 구조 내보내기
CREATE TABLE IF NOT EXISTS `qna_comment` (
  `comment_no` int(11) NOT NULL AUTO_INCREMENT,
  `qna_no` int(11) NOT NULL,
  `commenter_no` int(11) NOT NULL,
  `content` varchar(500) COLLATE utf8mb4_unicode_ci NOT NULL,
  `reg_date` datetime NOT NULL DEFAULT CURRENT_TIMESTAMP,
  `pick` char(1) COLLATE utf8mb4_unicode_ci DEFAULT 'N',
  PRIMARY KEY (`comment_no`)
) ENGINE=InnoDB AUTO_INCREMENT=423 DEFAULT CHARSET=utf8mb4 COLLATE=utf8mb4_unicode_ci;

-- 테이블 데이터 myvet.qna_comment:~54 rows (대략적) 내보내기
/*!40000 ALTER TABLE `qna_comment` DISABLE KEYS */;
INSERT INTO `qna_comment` (`comment_no`, `qna_no`, `commenter_no`, `content`, `reg_date`, `pick`) VALUES
	(363, 371, 67, '너무 걱정됩니다 ㅠㅠ.....쾌유를 기원하는 마음에서 추천을 했습니다.', '2018-12-21 13:07:40', 'N'),
	(364, 372, 66, '그래도 나쁜 점이 있긴하겠죠? 저도 잘 모르겠네요 ㅠㅠ......', '2018-12-21 13:12:07', 'Y'),
	(365, 373, 67, '글쎼요', '2018-12-21 14:00:16', 'N'),
	(366, 374, 66, 'tip 게시판에 가시면 잘 알려줄겁니다.', '2018-12-21 14:05:25', 'Y'),
	(367, 375, 66, '반갑습니다 ^^', '2018-12-21 14:08:28', 'Y'),
	(368, 375, 67, '안녕하세요 ^^', '2018-12-21 14:09:01', 'N'),
	(369, 375, 72, '안녕하세요 ^^반갑습니다.', '2018-12-21 14:11:18', 'N'),
	(370, 373, 71, '살만 잘 발라주면 괜찮지 않을까요?', '2018-12-21 14:15:14', 'Y'),
	(371, 376, 69, '빠른 답변 부탁드립니다', '2018-12-21 14:35:51', 'N'),
	(372, 376, 73, '안좋긴하겠죠?', '2018-12-21 14:41:09', 'Y'),
	(373, 376, 72, '좋은 정보 감사합니다 ^^ 추천드려요', '2018-12-21 14:42:39', 'N'),
	(374, 377, 76, '빠른 답변 부탁드려요 ^^', '2018-12-21 14:46:38', 'N'),
	(375, 377, 76, 'ㅠㅠ', '2018-12-21 14:46:41', 'Y'),
	(376, 371, 65, '빠른 쾌유 기원합니다 ㅠㅠ 걱정의 의미로 추천 누르고 갑니다.', '2018-12-21 14:47:54', 'N'),
	(377, 378, 66, '너무 심하게 혼내지는 마세요 ㅠㅠ', '2018-12-21 14:55:11', 'N'),
	(378, 379, 78, '반성행 ㅠㅠ', '2018-12-21 14:58:51', 'N'),
	(379, 378, 78, '고양이들이 심심한가 봐요 ㅠㅠ', '2018-12-21 15:00:07', 'N'),
	(380, 379, 66, '엄마가 좋아서 그런가봐요 ㅠㅠ', '2018-12-21 15:01:50', 'N'),
	(381, 381, 79, '빠른 답변 부탁드립니다.', '2018-12-21 15:06:49', 'N'),
	(382, 381, 68, '초콜렛', '2018-12-21 15:33:03', 'Y'),
	(383, 381, 66, '제가 기억하기론 탄산이나 수분이 많은 음식은 먹어선 안된다고 들었습니다.', '2018-12-21 18:00:20', 'N'),
	(384, 382, 66, '걱정됩니다 ㅠㅠ', '2018-12-21 18:12:14', 'N'),
	(385, 382, 65, '설포딘이라는 강아지 연고 써보세요 ', '2018-12-21 18:13:25', 'Y'),
	(386, 384, 67, '저도 걱정됩니다 ㅠㅠ 어디 아픈 곳이 있어서 그런걸까요 ㅠㅠ 쾌유의 의미로 추천을 누르겠습니다.', '2018-12-21 18:44:23', 'N'),
	(387, 384, 69, '딱히 아파서 우는것 같지는 않아보입니다 ^^;;;;', '2018-12-21 18:44:50', 'N'),
	(388, 384, 65, '반려묘의 주인님의 마음씨가 너무 예쁘네요 ^^ 다행스럽게도 사진상의 고양이에겐 건강상 특이한 점은 보이지가 않네요 ^^ 안심하셔도 될듯합니다. 정 걱정이 되신다면 내원하셔서 검진 한번 받아보세요', '2018-12-21 18:45:51', 'Y'),
	(390, 375, 69, '안녕하세요', '2018-12-23 23:39:55', 'N'),
	(391, 373, 69, '글쎄요 ㅠㅠ', '2018-12-23 23:45:59', 'N'),
	(392, 374, 69, '팁게시판에 가시면 잘 알려주지 않을까요', '2018-12-23 23:49:01', 'N'),
	(394, 375, 73, '반갑습니다.', '2018-12-23 23:53:36', 'N'),
	(395, 372, 73, '저도 모르겠습니다 ㅠㅠ....도움이 되지 못해서 죄송합니다.', '2018-12-23 23:55:59', 'N'),
	(396, 385, 79, '아무래도 그런게 좋을거 같습니다.ㅠㅠㅠㅠㅠ', '2018-12-23 23:58:43', 'N'),
	(397, 385, 66, '저도 잘 모르겠습니다 ㅠㅠㅠㅠㅠ', '2018-12-23 23:59:29', 'N'),
	(398, 384, 76, '좋은 답변 감사합니다.', '2018-12-24 00:00:12', 'N'),
	(399, 385, 76, '그래도 따뜻한게 좋겠죠??????', '2018-12-24 00:01:01', 'Y'),
	(402, 382, 76, 'ㅠㅠㅠㅠ', '2018-12-24 00:02:21', 'N'),
	(405, 379, 80, '애교가 격하네요 ^^;;;;;;;', '2018-12-24 00:10:24', 'N'),
	(406, 375, 80, '반갑습니다.', '2018-12-24 00:11:28', 'N'),
	(407, 377, 69, '글쎼요 ㅠㅠ', '2018-12-24 00:48:11', 'N'),
	(408, 380, 69, '에구구 냥돌이들아 앙대 ㅠㅠㅠㅠbbb', '2018-12-24 00:49:21', 'N'),
	(409, 374, 73, 'tip게시판에서 찾아보시면 있을수도 있습니다 ^^^^^', '2018-12-24 01:03:57', 'N'),
	(410, 378, 73, '손톱은 괜찮나요??????', '2018-12-24 01:04:39', 'Y'),
	(411, 384, 73, '답변 감사합니다.(__)', '2018-12-24 01:06:06', 'N'),
	(412, 386, 66, '글쎼요', '2018-12-24 09:34:59', 'N'),
	(413, 386, 69, '팁게시판에서 찾아보심이 좋을듯합니다.', '2018-12-24 09:39:08', 'N'),
	(414, 386, 65, '마이펫닥터 강아지 샴푸 500ml 가 좋다고 합니다 ㅎㅎ', '2018-12-24 09:40:04', 'Y'),
	(415, 387, 66, '펫파라다이스라는 제품이 좋다고 합니다 ㅎㅎ', '2018-12-24 09:42:11', 'Y'),
	(416, 387, 67, '저도 궁금했었는데 질문해주셔서 감사합니다 ^^', '2018-12-24 09:42:38', 'N'),
	(417, 387, 65, '네이버페이\nOGUOGU 라는 강아지 옷이 인기가 좋다고 합니다.... ^^', '2018-12-24 09:43:28', 'N'),
	(418, 380, 71, '냥돌이들앙 앙댕 ㅠㅠ', '2018-12-24 09:52:37', 'N'),
	(419, 387, 78, '저도 알아보겠습니다 ㅠㅠ', '2018-12-24 10:05:44', 'N'),
	(420, 387, 72, '저도 펫파라다이스가 좋다고 들었습니다.', '2018-12-24 10:08:47', 'N'),
	(421, 388, 65, '저희 드림 동물병원을 추천드립니다 ^^', '2018-12-24 13:30:12', 'Y'),
	(422, 389, 66, 'tip 게시판에 가서 문의하시면 상세한 정보를 얻으실수 있으실겁니다.', '2018-12-24 13:30:46', 'Y');
/*!40000 ALTER TABLE `qna_comment` ENABLE KEYS */;

-- 테이블 myvet.qna_comment_recommend 구조 내보내기
CREATE TABLE IF NOT EXISTS `qna_comment_recommend` (
  `no` int(11) NOT NULL AUTO_INCREMENT,
  `member_no` int(11) NOT NULL,
  `comment_no` int(11) NOT NULL,
  `recommend` int(1) NOT NULL,
  PRIMARY KEY (`no`)
) ENGINE=InnoDB DEFAULT CHARSET=utf8mb4 COLLATE=utf8mb4_unicode_ci;

-- 테이블 데이터 myvet.qna_comment_recommend:~0 rows (대략적) 내보내기
/*!40000 ALTER TABLE `qna_comment_recommend` DISABLE KEYS */;
/*!40000 ALTER TABLE `qna_comment_recommend` ENABLE KEYS */;

-- 테이블 myvet.qna_recommend 구조 내보내기
CREATE TABLE IF NOT EXISTS `qna_recommend` (
  `no` int(11) NOT NULL AUTO_INCREMENT,
  `member_no` int(11) NOT NULL,
  `qna_no` int(11) NOT NULL,
  `recommend` int(1) NOT NULL,
  PRIMARY KEY (`no`)
) ENGINE=InnoDB AUTO_INCREMENT=204 DEFAULT CHARSET=utf8mb4 COLLATE=utf8mb4_unicode_ci;

-- 테이블 데이터 myvet.qna_recommend:~40 rows (대략적) 내보내기
/*!40000 ALTER TABLE `qna_recommend` DISABLE KEYS */;
INSERT INTO `qna_recommend` (`no`, `member_no`, `qna_no`, `recommend`) VALUES
	(158, 67, 371, 1),
	(159, 66, 372, -1),
	(160, 69, 372, 1),
	(161, 72, 375, 1),
	(162, 69, 376, 1),
	(163, 72, 376, 1),
	(164, 76, 377, 1),
	(165, 65, 371, 1),
	(167, 66, 378, -1),
	(168, 78, 379, 1),
	(170, 66, 379, -1),
	(171, 78, 381, 1),
	(172, 78, 376, 1),
	(173, 70, 380, 1),
	(174, 70, 381, 1),
	(175, 80, 381, 1),
	(176, 68, 381, 1),
	(177, 66, 381, 1),
	(178, 79, 381, 1),
	(179, 73, 382, 1),
	(183, 66, 382, -1),
	(184, 67, 384, 1),
	(185, 65, 384, 1),
	(186, 66, 384, 1),
	(188, 69, 374, -1),
	(189, 76, 385, 1),
	(190, 80, 385, 1),
	(191, 80, 375, 1),
	(192, 80, 378, 1),
	(193, 73, 384, 1),
	(194, 66, 386, 1),
	(195, 68, 386, 1),
	(196, 66, 387, 1),
	(197, 67, 387, 1),
	(198, 71, 387, 1),
	(199, 71, 380, 1),
	(200, 72, 387, 1),
	(201, 68, 387, 1),
	(202, 65, 388, 1),
	(203, 68, 388, 1);
/*!40000 ALTER TABLE `qna_recommend` ENABLE KEYS */;

-- 테이블 myvet.recipient_group 구조 내보내기
CREATE TABLE IF NOT EXISTS `recipient_group` (
  `recipient_group_id` int(11) NOT NULL,
  `recipient_no` int(11) NOT NULL,
  `recipient_type` int(11) NOT NULL,
  `date_read` datetime DEFAULT NULL,
  `trash` int(11) DEFAULT '0',
  PRIMARY KEY (`recipient_group_id`,`recipient_no`,`recipient_type`)
) ENGINE=InnoDB DEFAULT CHARSET=utf8mb4 COLLATE=utf8mb4_unicode_ci;

-- 테이블 데이터 myvet.recipient_group:~35 rows (대략적) 내보내기
/*!40000 ALTER TABLE `recipient_group` DISABLE KEYS */;
INSERT INTO `recipient_group` (`recipient_group_id`, `recipient_no`, `recipient_type`, `date_read`, `trash`) VALUES
	(0, 900, 1, NULL, 0),
	(135, 65, 0, '2018-12-24 13:53:32', 0),
	(135, 67, 0, '2018-12-24 13:47:14', 1),
	(136, 72, 0, NULL, 0),
	(136, 78, 0, NULL, 0),
	(137, 68, 0, '2018-12-24 12:29:36', 1),
	(137, 898, 1, NULL, 0),
	(138, 68, 0, '2018-12-24 12:29:35', 1),
	(138, 898, 1, NULL, 0),
	(139, 68, 0, '2018-12-24 12:29:35', 1),
	(139, 898, 1, NULL, 0),
	(140, 68, 0, '2018-12-24 12:29:34', 1),
	(140, 71, 0, NULL, 0),
	(141, 68, 0, '2018-12-24 00:07:36', 1),
	(141, 908, 1, NULL, 0),
	(142, 68, 0, '2018-12-24 01:57:10', 1),
	(142, 908, 1, NULL, 0),
	(143, 3, 0, '2018-12-24 12:04:41', 0),
	(143, 68, 0, '2018-12-24 12:29:32', 1),
	(144, 68, 0, '2018-12-24 01:42:02', 1),
	(144, 908, 1, NULL, 0),
	(145, 68, 0, '2018-12-24 01:41:47', 1),
	(145, 908, 1, NULL, 0),
	(146, 68, 0, '2018-12-24 02:01:53', 1),
	(146, 898, 1, NULL, 0),
	(147, 68, 0, '2018-12-24 12:29:31', 1),
	(147, 898, 1, NULL, 0),
	(148, 68, 0, '2018-12-24 12:29:27', 1),
	(148, 900, 1, NULL, 0),
	(149, 3, 0, '2018-12-24 13:36:43', 0),
	(149, 68, 0, '2018-12-24 12:29:24', 1),
	(150, 3, 0, NULL, 0),
	(150, 68, 0, '2018-12-24 15:20:07', 0),
	(151, 66, 0, NULL, 0),
	(151, 68, 0, '2018-12-24 15:20:15', 0);
/*!40000 ALTER TABLE `recipient_group` ENABLE KEYS */;

-- 테이블 myvet.report_code_list 구조 내보내기
CREATE TABLE IF NOT EXISTS `report_code_list` (
  `report_code` int(11) NOT NULL AUTO_INCREMENT,
  `report_type` varchar(50) COLLATE utf8mb4_unicode_ci NOT NULL,
  PRIMARY KEY (`report_code`)
) ENGINE=InnoDB DEFAULT CHARSET=utf8mb4 COLLATE=utf8mb4_unicode_ci;

-- 테이블 데이터 myvet.report_code_list:~0 rows (대략적) 내보내기
/*!40000 ALTER TABLE `report_code_list` DISABLE KEYS */;
/*!40000 ALTER TABLE `report_code_list` ENABLE KEYS */;

-- 테이블 myvet.report_list 구조 내보내기
CREATE TABLE IF NOT EXISTS `report_list` (
  `report_no` int(11) NOT NULL AUTO_INCREMENT,
  `board_code` int(11) NOT NULL,
  `content_no` int(11) NOT NULL,
  `comment_no` int(11) NOT NULL,
  `report_member_no` int(11) NOT NULL,
  `target_member_no` int(11) NOT NULL,
  `report_code` int(11) NOT NULL,
  `process_result` int(1) NOT NULL,
  `report_date` datetime NOT NULL DEFAULT CURRENT_TIMESTAMP,
  `report_content` varchar(1000) COLLATE utf8mb4_unicode_ci DEFAULT NULL,
  PRIMARY KEY (`report_no`)
) ENGINE=InnoDB AUTO_INCREMENT=30 DEFAULT CHARSET=utf8mb4 COLLATE=utf8mb4_unicode_ci;

-- 테이블 데이터 myvet.report_list:~29 rows (대략적) 내보내기
/*!40000 ALTER TABLE `report_list` DISABLE KEYS */;
INSERT INTO `report_list` (`report_no`, `board_code`, `content_no`, `comment_no`, `report_member_no`, `target_member_no`, `report_code`, `process_result`, `report_date`, `report_content`) VALUES
	(1, 11, 23, 0, 33, 33, 1, 0, '2018-12-07 14:47:58', '야해'),
	(2, 11, 23, 0, 33, 33, 1, 0, '2018-12-07 14:49:30', '야해'),
	(3, 11, 23, 0, 33, 33, 2, 0, '2018-12-07 14:53:35', '신고'),
	(4, 11, 23, 0, 33, 33, 1, 0, '2018-12-07 15:03:26', '야해'),
	(5, 11, 23, 0, 33, 33, 1, 0, '2018-12-07 15:08:18', '민머리'),
	(6, 11, 23, 0, 33, 33, 1, 0, '2018-12-07 15:09:03', 'ㅁㄴㅇㄹ'),
	(7, 11, 23, 0, 33, 33, 1, 0, '2018-12-07 15:11:07', 'ㅁㄴㅇㄹ'),
	(8, 2, 11, 0, 12, 12, 2, 0, '2018-12-07 16:30:58', '갤러리 들어간다!'),
	(9, 2, 11, 0, 12, 12, 3, 0, '2018-12-07 16:32:29', '개극혐'),
	(10, 2, 11, 0, 12, 12, 7, 0, '2018-12-07 16:32:59', '낚시'),
	(11, 2, 11, 0, 12, 12, 2, 0, '2018-12-07 16:34:03', '광고'),
	(12, 2, 10, 0, 12, 12, 3, 0, '2018-12-07 16:40:02', '갤럴릴릴ㄹ'),
	(13, 2, 13, 0, 12, 12, 2, 0, '2018-12-07 16:44:24', '광고하지마'),
	(14, 2, 13, 0, 12, 12, 2, 0, '2018-12-07 16:50:35', '주석을하고'),
	(15, 2, 13, 0, 12, 12, 2, 0, '2018-12-07 16:51:24', '알마니'),
	(16, 2, 13, 0, 12, 12, 2, 0, '2018-12-07 17:11:06', '등록'),
	(17, 2, 12, 0, 12, 12, 1, 0, '2018-12-10 18:51:24', 'aaa'),
	(18, 2, 12, 0, 12, 12, 3, 0, '2018-12-10 18:53:54', 'ㄴㄴ'),
	(19, 2, 12, 0, 12, 12, 1, 0, '2018-12-10 18:54:28', '신고성공??'),
	(20, 0, 0, 0, 0, 0, 0, 0, '2018-12-10 19:18:07', NULL),
	(21, 2, 12, 0, 12, 12, 2, 0, '2018-12-10 19:23:06', 'ㄴㅁㅁㅇㄴㅇㅁㄴㅇㄴㅁㅇㅁㄴ'),
	(22, 2, 12, 0, 12, 12, 3, 0, '2018-12-10 19:53:43', 'tesasetase'),
	(23, 11, 27, 0, 34, 34, 3, 0, '2018-12-10 20:30:21', 'TIPPP'),
	(24, 2, 12, 0, 12, 12, 2, 0, '2018-12-10 20:43:13', '갤러리 신고'),
	(25, 10, 12, 0, 12, 12, 4, 0, '2018-12-10 20:45:04', '갤러리'),
	(26, 10, 12, 0, 12, 12, 3, 0, '2018-12-11 09:50:01', '갤러리게시판 극혐'),
	(27, 20, 20, 0, 34, 1, 2, 0, '2018-12-11 11:45:00', 'qna신고'),
	(28, 11, 32, 0, 34, 34, 6, 0, '2018-12-11 18:42:27', '테스트 신고'),
	(29, 10, 12, 0, 34, 12, 1, 0, '2018-12-14 01:00:24', '갤러리 신고?!');
/*!40000 ALTER TABLE `report_list` ENABLE KEYS */;

-- 테이블 myvet.tip 구조 내보내기
CREATE TABLE IF NOT EXISTS `tip` (
  `tip_no` int(11) NOT NULL AUTO_INCREMENT,
  `board_code` int(11) NOT NULL,
  `title` varchar(50) COLLATE utf8mb4_unicode_ci NOT NULL,
  `member_no` int(11) DEFAULT NULL,
  `content` varchar(1000) COLLATE utf8mb4_unicode_ci NOT NULL,
  `reg_date` datetime DEFAULT CURRENT_TIMESTAMP,
  `view_cnt` int(11) DEFAULT '0',
  `category_code` int(11) NOT NULL,
  PRIMARY KEY (`tip_no`)
) ENGINE=InnoDB AUTO_INCREMENT=83 DEFAULT CHARSET=utf8mb4 COLLATE=utf8mb4_unicode_ci;

-- 테이블 데이터 myvet.tip:~13 rows (대략적) 내보내기
/*!40000 ALTER TABLE `tip` DISABLE KEYS */;
INSERT INTO `tip` (`tip_no`, `board_code`, `title`, `member_no`, `content`, `reg_date`, `view_cnt`, `category_code`) VALUES
	(68, 11, '용품 추천합니다.', 66, '<p><img src="/myvet/upload/tip/20181221/bf113a1c10f04c8192d008a816b4786a.jpg" style="width: 400px;"></p><p><br></p><p>덩치가 큰 강아지들이 많이 숙이지 않아도 편안하게 식사를 합니다.</p><p>          </p>', '2018-12-21 13:12:54', 9, 3),
	(69, 11, '댕댕이가 저만보면 왜 짖을까요?', 34, '<p><img src="/myvet/upload/tip/20181221/3c8c0b16aa0840efab9287e403c9cb9b.jpg" style="width: 612.6px; height: 344.588px;"></p><p>항상 멍멍이들이 짖죠?&nbsp;</p><p>배고프거나</p><p>주인님의 얼굴이 위협적이게 생겼다면&nbsp;</p><p>불안해서 짖을 수 있습니다.</p><p>          </p>', '2018-12-21 13:54:36', 5, 2),
	(71, 11, '강아지들 산책시 주의점', 70, '<p><br class="Apple-interchange-newline"><img src="/myvet/upload/tip/20181221/f8b1d6f4ed79436a9877e2348f1fade6.jpg" style="width: 50%;"></p><p>1. 목줄을 항상 매고 나갑시다.</p><p>2. 배변봉투를 지참합니다.</p><p>3. 대형견은 입마개를 합니다.</p><p>          </p>', '2018-12-21 14:00:32', 5, 2),
	(72, 11, '고양이한테 좋은 음식 BEST', 71, '<p><img src="/myvet/upload/tip/20181221/b072c0bdd8e14b72b7581af6398b459c.jpg" style="width: 50%;"></p><p>고양이 껌</p><p>생선</p><p>사료</p><p>등푸른생선</p><p>          </p>', '2018-12-21 14:53:22', 1, 1),
	(74, 11, '사료를 안먹는 강아지 어떻게할까?', 74, '<p><img src="/myvet/upload/tip/20181221/acea6c70d91c4c479f5d201100fde3dd.jpg" style="width: 50%;"></p><p>배고프면 먹을걸요</p><p>          </p>', '2018-12-21 14:56:30', 5, 1),
	(75, 11, '고양이 키울시 꿀팁', 66, '<p><img src="/myvet/upload/tip/20181221/4298f85bf01246f2b333707729dec1ea.jpg" style="width: 50%;"></p><p>잘 보듬어줍니다.</p><p>          </p>', '2018-12-21 15:01:43', 34, 2),
	(76, 11, '강아지와 고양이가 친해지는법', 66, '<p><img src="/myvet/upload/tip/20181221/729da60651c140a08774309f4bd9165b.jpg" style="width: 50%;"></p><p>둘다 착해야 합니다.</p><p>          </p>', '2018-12-21 15:02:37', 0, 2),
	(77, 11, '집사들 it아이템 추천!!', 66, '<p><img src="/myvet/upload/tip/20181221/5de6930290054fb38072b75c904fb6da.jpg" style="width: 50%;"></p><p>개껌</p><p>치약</p><p><img src="/myvet/upload/tip/20181221/541ce74531f241db92defe8fa21a9044.jpg" style="width: 450px;"><br></p><p>칫솔</p><p>          </p>', '2018-12-21 15:03:33', 9, 3),
	(78, 11, '안녕하세요 ^^ 반갑습니다 ', 79, '잘 부탁드립니다 ^^', '2018-12-21 15:05:54', 14, 4),
	(79, 11, '고양이 언어인식기가 나왔어요!!', 78, '<p><img src="/myvet/upload/tip/20181221/a1ef24b0af064975948b3a54c741f814.jpg" style="width: 50%;"></p><p>냐라냥냥 -&gt; 밥줘</p><p>냐으응냐냔ㅇ -&gt; 나가</p><p><br></p><p>          </p>', '2018-12-21 15:11:47', 4, 3),
	(80, 11, '건강하게 오래 키울려면 어떻게할까?', 78, '<p><img src="/myvet/upload/tip/20181221/47539f1480444737a767689a3828497b.jpg" style="width: 50%;"></p><p>산책을 많이 시켜줍니다.</p><p><br></p><p>          </p>', '2018-12-21 15:12:58', 6, 1),
	(81, 11, '그린펫 시금치맛 개껌출시! ', 70, '<p><img src="/myvet/upload/tip/20181224/c2b3020881254c28b15838226973daaa.jpg" style="width: 625px;"></p><p>제가 즐겨먹는 껌입니다^^</p><p>          </p>', '2018-12-24 09:50:08', 8, 2),
	(82, 11, '쿠션 추천합니다 ', 72, '<p><img src="/myvet/upload/tip/20181224/0f23922fc28e4fe7b839b5fba6f4eef4.png" style="width: 640px;"></p><p>써보니 매우 만족스러워서 추천합니다 ^.^</p><p>          </p>', '2018-12-24 10:08:16', 10, 3);
/*!40000 ALTER TABLE `tip` ENABLE KEYS */;

-- 테이블 myvet.tip_category_list 구조 내보내기
CREATE TABLE IF NOT EXISTS `tip_category_list` (
  `category_code` int(11) NOT NULL AUTO_INCREMENT,
  `category_name` varchar(40) COLLATE utf8mb4_unicode_ci DEFAULT NULL,
  PRIMARY KEY (`category_code`)
) ENGINE=InnoDB DEFAULT CHARSET=utf8mb4 COLLATE=utf8mb4_unicode_ci;

-- 테이블 데이터 myvet.tip_category_list:~0 rows (대략적) 내보내기
/*!40000 ALTER TABLE `tip_category_list` DISABLE KEYS */;
/*!40000 ALTER TABLE `tip_category_list` ENABLE KEYS */;

-- 테이블 myvet.tip_comment 구조 내보내기
CREATE TABLE IF NOT EXISTS `tip_comment` (
  `comment_no` int(11) NOT NULL AUTO_INCREMENT,
  `tip_no` int(11) NOT NULL,
  `commenter_no` int(11) DEFAULT NULL,
  `comment` varchar(1000) COLLATE utf8mb4_unicode_ci NOT NULL,
  `reg_date` datetime DEFAULT CURRENT_TIMESTAMP,
  PRIMARY KEY (`comment_no`)
) ENGINE=InnoDB AUTO_INCREMENT=133 DEFAULT CHARSET=utf8mb4 COLLATE=utf8mb4_unicode_ci;

-- 테이블 데이터 myvet.tip_comment:~8 rows (대략적) 내보내기
/*!40000 ALTER TABLE `tip_comment` DISABLE KEYS */;
INSERT INTO `tip_comment` (`comment_no`, `tip_no`, `commenter_no`, `comment`, `reg_date`) VALUES
	(125, 74, 66, '강아지들은 건강해야 합니다 ㅠㅠ', '2018-12-21 15:01:33'),
	(126, 74, 74, '매우 도움되네여', '2018-12-21 15:04:16'),
	(127, 80, 70, '개꿀팁이네요', '2018-12-21 18:39:57'),
	(128, 79, 70, '정말이요?', '2018-12-21 18:41:16'),
	(129, 75, 70, '굉장한 꿀팁이네요', '2018-12-21 18:42:05'),
	(130, 79, 73, '우아아 신기합니다.!!!', '2018-12-23 23:52:59'),
	(131, 82, 82, '감사합니다....', '2018-12-24 10:10:51'),
	(132, 68, 70, '어머 이건 꼭 사야해...♥', '2018-12-24 11:10:26');
/*!40000 ALTER TABLE `tip_comment` ENABLE KEYS */;

-- 테이블 myvet.tip_comment_recommend 구조 내보내기
CREATE TABLE IF NOT EXISTS `tip_comment_recommend` (
  `no` int(11) NOT NULL AUTO_INCREMENT,
  `comment_no` int(11) DEFAULT NULL,
  `member_no` int(11) DEFAULT NULL,
  `recommend` int(11) DEFAULT NULL,
  PRIMARY KEY (`no`)
) ENGINE=InnoDB AUTO_INCREMENT=208 DEFAULT CHARSET=utf8mb4 COLLATE=utf8mb4_unicode_ci;

-- 테이블 데이터 myvet.tip_comment_recommend:~1 rows (대략적) 내보내기
/*!40000 ALTER TABLE `tip_comment_recommend` DISABLE KEYS */;
INSERT INTO `tip_comment_recommend` (`no`, `comment_no`, `member_no`, `recommend`) VALUES
	(207, 131, 0, 1);
/*!40000 ALTER TABLE `tip_comment_recommend` ENABLE KEYS */;

-- 테이블 myvet.tip_recommend 구조 내보내기
CREATE TABLE IF NOT EXISTS `tip_recommend` (
  `no` int(11) NOT NULL AUTO_INCREMENT,
  `tip_no` int(11) NOT NULL,
  `member_no` int(11) NOT NULL,
  `recommend` int(11) NOT NULL,
  PRIMARY KEY (`no`)
) ENGINE=InnoDB AUTO_INCREMENT=402 DEFAULT CHARSET=utf8mb4 COLLATE=utf8mb4_unicode_ci;

-- 테이블 데이터 myvet.tip_recommend:~28 rows (대략적) 내보내기
/*!40000 ALTER TABLE `tip_recommend` DISABLE KEYS */;
INSERT INTO `tip_recommend` (`no`, `tip_no`, `member_no`, `recommend`) VALUES
	(365, 73, 78, 1),
	(366, 75, 79, 1),
	(367, 75, 72, 1),
	(368, 70, 72, -1),
	(369, 74, 70, 1),
	(370, 77, 70, 1),
	(371, 68, 70, 1),
	(372, 78, 70, 1),
	(373, 68, 80, -1),
	(374, 77, 80, -1),
	(375, 71, 80, 1),
	(377, 75, 80, 1),
	(378, 75, 70, 1),
	(379, 77, 78, 1),
	(380, 75, 78, 1),
	(381, 79, 78, 1),
	(382, 78, 78, 1),
	(387, 80, 74, 1),
	(388, 80, 70, 1),
	(389, 78, 66, 1),
	(391, 78, 80, -1),
	(392, 80, 80, 1),
	(393, 82, 72, 1),
	(395, 82, 82, 1),
	(396, 82, 70, 1),
	(397, 81, 70, -1),
	(398, 81, 74, -1),
	(401, 75, 68, 1);
/*!40000 ALTER TABLE `tip_recommend` ENABLE KEYS */;

-- 테이블 myvet.vaccine 구조 내보내기
CREATE TABLE IF NOT EXISTS `vaccine` (
  `vaccine_code` int(11) NOT NULL AUTO_INCREMENT,
  `vaccine_name` varchar(100) COLLATE utf8mb4_unicode_ci NOT NULL,
  `vaccine_expdate` int(11) NOT NULL,
  PRIMARY KEY (`vaccine_code`)
) ENGINE=InnoDB DEFAULT CHARSET=utf8mb4 COLLATE=utf8mb4_unicode_ci;

-- 테이블 데이터 myvet.vaccine:~0 rows (대략적) 내보내기
/*!40000 ALTER TABLE `vaccine` DISABLE KEYS */;
/*!40000 ALTER TABLE `vaccine` ENABLE KEYS */;

-- 테이블 myvet.vet_auth 구조 내보내기
CREATE TABLE IF NOT EXISTS `vet_auth` (
  `vet_file_no` int(11) NOT NULL AUTO_INCREMENT,
  `member_no` int(11) DEFAULT NULL,
  `vet_ori_name` varchar(50) COLLATE utf8mb4_unicode_ci DEFAULT NULL,
  `vet_sys_name` varchar(500) COLLATE utf8mb4_unicode_ci DEFAULT NULL,
  `vet_file_path` varchar(50) COLLATE utf8mb4_unicode_ci DEFAULT NULL,
  `vet_file_size` int(11) DEFAULT NULL,
  `vet_file_reg_date` datetime DEFAULT CURRENT_TIMESTAMP,
  PRIMARY KEY (`vet_file_no`)
) ENGINE=InnoDB AUTO_INCREMENT=30 DEFAULT CHARSET=utf8mb4 COLLATE=utf8mb4_unicode_ci;

-- 테이블 데이터 myvet.vet_auth:~5 rows (대략적) 내보내기
/*!40000 ALTER TABLE `vet_auth` DISABLE KEYS */;
INSERT INTO `vet_auth` (`vet_file_no`, `member_no`, `vet_ori_name`, `vet_sys_name`, `vet_file_path`, `vet_file_size`, `vet_file_reg_date`) VALUES
	(25, 65, 'vet1.jpg', '60221987-b91c-49bb-b1c4-afae4047da4b_vet1.jpg', '/vetAuth/65', 8360, '2018-12-21 12:46:11'),
	(26, 77, 'people1.jpg', '3d05f5bc-e37b-4872-be91-75807d75c4f3_people1.jpg', '/vetAuth/77', 30964, '2018-12-21 14:57:13'),
	(27, 82, 'free.jpg', '0cc9b50e-4739-4fca-a169-c672014c7358_free.jpg', '/vetAuth/82', 14223, '2018-12-21 15:20:01'),
	(28, 85, 'pic3.jpg', '0c3acfcc-8079-4a45-b055-f1928c021e7d_pic3.jpg', '/vetAuth/85', 70812, '2018-12-24 10:21:06'),
	(29, 86, '201710231348060.jpg', 'efcf6cfd-fd9f-4bb6-8a4f-b8781f79a2f9_201710231348060.jpg', '/vetAuth/86', 1405807, '2018-12-24 15:11:44');
/*!40000 ALTER TABLE `vet_auth` ENABLE KEYS */;

/*!40101 SET SQL_MODE=IFNULL(@OLD_SQL_MODE, '') */;
/*!40014 SET FOREIGN_KEY_CHECKS=IF(@OLD_FOREIGN_KEY_CHECKS IS NULL, 1, @OLD_FOREIGN_KEY_CHECKS) */;
/*!40101 SET CHARACTER_SET_CLIENT=@OLD_CHARACTER_SET_CLIENT */;
